date,n_d_m_y_normalized
2015-01-01,1.246501614639397
2015-01-02,1.271431646932185
2015-01-03,1.4210118406889127
2015-01-04,1.720172228202368
2015-01-05,1.670312163616792
2015-01-06,1.8448223896663074
2015-01-07,1.3711517761033367
2015-01-08,1.4708719052744883
2015-01-09,1.3711517761033367
2015-01-10,1.3711517761033367
2015-01-11,1.246501614639397
2015-01-12,1.171711517761033
2015-01-13,1.620452099031216
2015-01-14,2.493003229278794
2015-01-15,2.094122712594187
2015-01-16,1.7451022604951558
2015-01-17,1.4210118406889127
2015-01-18,1.3462217438105488
2015-01-19,1.246501614639397
2015-01-20,1.3212917115177607
2015-01-21,1.520731969860064
2015-01-22,1.271431646932185
2015-01-23,1.2963616792249728
2015-01-24,1.3212917115177607
2015-01-25,1.3960818083961244
2015-01-26,2.044262648008611
2015-01-27,1.595522066738428
2015-01-28,1.520731969860064
2015-01-29,1.4459418729817004
2015-01-30,1.271431646932185
2015-01-31,1.171711517761033
2015-02-01,1.547684964200477
2015-02-02,1.4371360381861573
2015-02-03,1.630596658711217
2015-02-04,1.4647732696897373
2015-02-05,1.5753221957040573
2015-02-06,1.5753221957040573
2015-02-07,1.9069689737470166
2015-02-08,1.7964200477326966
2015-02-09,1.9346062052505961
2015-02-10,1.8793317422434366
2015-02-11,1.547684964200477
2015-02-12,1.7687828162291166
2015-02-13,1.520047732696897
2015-02-14,1.5753221957040573
2015-02-15,1.602959427207637
2015-02-16,1.630596658711217
2015-02-17,1.658233890214797
2015-02-18,1.5753221957040573
2015-02-19,1.7964200477326966
2015-02-20,2.763723150357995
2015-02-21,1.741145584725537
2015-02-22,1.658233890214797
2015-02-23,1.630596658711217
2015-02-24,1.520047732696897
2015-02-25,1.4094988066825773
2015-02-26,1.3542243436754176
2015-02-27,1.4647732696897373
2015-02-28,1.3542243436754176
2015-03-01,1.3434313725490195
2015-03-02,1.4948039215686273
2015-03-03,1.4380392156862745
2015-03-04,1.4948039215686273
2015-03-05,1.456960784313725
2015-03-06,1.7597058823529408
2015-03-07,1.8921568627450978
2015-03-08,1.4948039215686273
2015-03-09,1.4758823529411762
2015-03-10,1.7407843137254901
2015-03-11,1.6840196078431369
2015-03-12,1.4948039215686273
2015-03-13,1.4948039215686273
2015-03-14,1.4758823529411762
2015-03-15,1.4191176470588232
2015-03-16,1.6083333333333334
2015-03-17,1.4758823529411762
2015-03-18,1.6650980392156862
2015-03-19,1.6840196078431369
2015-03-20,1.4191176470588232
2015-03-21,1.3245098039215684
2015-03-22,1.3434313725490195
2015-03-23,1.3812745098039212
2015-03-24,1.4001960784313723
2015-03-25,1.589411764705882
2015-03-26,1.4948039215686273
2015-03-27,1.2677450980392155
2015-03-28,1.1731372549019605
2015-03-29,1.2866666666666664
2015-03-30,1.6461764705882351
2015-03-31,1.4001960784313723
2015-04-01,1.1291940298507461
2015-04-02,1.025492537313433
2015-04-03,1.025492537313433
2015-04-04,1.0139701492537312
2015-04-05,1.0946268656716416
2015-04-06,1.025492537313433
2015-04-07,1.0600597014925373
2015-04-08,1.1407164179104476
2015-04-09,1.1176716417910446
2015-04-10,1.0600597014925373
2015-04-11,0.9448358208955223
2015-04-12,0.9333134328358208
2015-04-13,1.0715820895522385
2015-04-14,1.0946268656716416
2015-04-15,1.0139701492537312
2015-04-16,0.9563582089552237
2015-04-17,0.9794029850746268
2015-04-18,0.9678805970149251
2015-04-19,1.025492537313433
2015-04-20,0.9794029850746268
2015-04-21,1.0946268656716416
2015-04-22,1.1522388059701494
2015-04-23,1.0139701492537312
2015-04-24,0.9794029850746268
2015-04-25,0.9448358208955223
2015-04-26,0.9678805970149251
2015-04-27,1.00244776119403
2015-04-28,1.00244776119403
2015-04-29,1.00244776119403
2015-04-30,1.0600597014925373
2015-05-01,0.9784537389100126
2015-05-02,0.8740853400929446
2015-05-03,0.913223489649345
2015-05-04,0.8740853400929446
2015-05-05,0.9262695395014785
2015-05-06,1.017591888466413
2015-05-07,0.965407689057879
2015-05-08,0.9784537389100126
2015-05-09,0.8610392902408109
2015-05-10,0.8610392902408109
2015-05-11,0.939315589353612
2015-05-12,0.939315589353612
2015-05-13,1.017591888466413
2015-05-14,1.30460498521335
2015-05-15,0.9784537389100126
2015-05-16,0.965407689057879
2015-05-17,0.9914997887621461
2015-05-18,0.965407689057879
2015-05-19,1.0306379383185467
2015-05-20,1.121960287283481
2015-05-21,1.069776087874947
2015-05-22,0.9914997887621461
2015-05-23,0.913223489649345
2015-05-24,1.017591888466413
2015-05-25,1.069776087874947
2015-05-26,1.017591888466413
2015-05-27,1.017591888466413
2015-05-28,0.8740853400929446
2015-05-29,1.0567300380228135
2015-05-30,1.2263286861005491
2015-05-31,1.121960287283481
2015-06-01,1.029993585631815
2015-06-02,0.9309557408595253
2015-06-03,0.9903784477228991
2015-06-04,0.9705708787684412
2015-06-05,0.8913406029506092
2015-06-06,0.9507633098139833
2015-06-07,0.9903784477228991
2015-06-08,0.8913406029506092
2015-06-09,0.9507633098139833
2015-06-10,0.9309557408595253
2015-06-11,0.8913406029506092
2015-06-12,0.9507633098139833
2015-06-13,0.7923027581783193
2015-06-14,0.9111481719050671
2015-06-15,0.9507633098139833
2015-06-16,1.010186016677357
2015-06-17,1.1092238614496468
2015-06-18,1.9807568954457981
2015-06-19,1.1092238614496468
2015-06-20,1.188454137267479
2015-06-21,0.9903784477228991
2015-06-22,0.9705708787684412
2015-06-23,0.9705708787684412
2015-06-24,0.9705708787684412
2015-06-25,1.029993585631815
2015-06-26,0.9111481719050671
2015-06-27,0.9705708787684412
2015-06-28,1.029993585631815
2015-06-29,1.148838999358563
2015-06-30,1.4657601026298905
2015-07-01,1.464297719087635
2015-07-02,1.5013685474189675
2015-07-03,1.4828331332533013
2015-07-04,1.5755102040816327
2015-07-05,1.6496518607442978
2015-07-06,1.8535414165666266
2015-07-07,1.6496518607442978
2015-07-08,1.7793997599039615
2015-07-09,1.6311164465786314
2015-07-10,1.723793517406963
2015-07-11,1.5384393757503
2015-07-12,1.7052581032412966
2015-07-13,1.6867226890756304
2015-07-14,1.464297719087635
2015-07-15,1.4457623049219688
2015-07-16,1.4272268907563024
2015-07-17,1.3530852340936375
2015-07-18,1.4272268907563024
2015-07-19,1.3716206482593036
2015-07-20,1.4086914765906362
2015-07-21,1.4457623049219688
2015-07-22,1.3716206482593036
2015-07-23,1.260408163265306
2015-07-24,1.3716206482593036
2015-07-25,1.334549819927971
2015-07-26,1.4272268907563024
2015-07-27,1.4828331332533013
2015-07-28,1.594045618247299
2015-07-29,1.3160144057623049
2015-07-30,1.2974789915966385
2015-07-31,1.2789435774309723
2015-08-01,2.2247838616714697
2015-08-02,1.735331412103746
2015-08-03,1.601844380403458
2015-08-04,1.601844380403458
2015-08-05,1.446109510086455
2015-08-06,1.3571181556195961
2015-08-07,1.2903746397694522
2015-08-08,1.3126224783861669
2015-08-09,1.3348703170028815
2015-08-10,1.3571181556195961
2015-08-11,1.4238616714697405
2015-08-12,1.3571181556195961
2015-08-13,1.446109510086455
2015-08-14,1.2458789625360227
2015-08-15,1.223631123919308
2015-08-16,1.379365994236311
2015-08-17,1.379365994236311
2015-08-18,1.512853025936599
2015-08-19,1.9355619596541782
2015-08-20,1.6240922190201725
2015-08-21,1.535100864553314
2015-08-22,1.446109510086455
2015-08-23,1.512853025936599
2015-08-24,1.7798270893371755
2015-08-25,1.8688184438040343
2015-08-26,1.4906051873198845
2015-08-27,1.4016138328530257
2015-08-28,1.4683573487031696
2015-08-29,1.3348703170028815
2015-08-30,1.4016138328530257
2015-08-31,1.2903746397694522
2015-09-01,1.0181449275362318
2015-09-02,1.096463768115942
2015-09-03,1.0069565217391303
2015-09-04,1.0852753623188405
2015-09-05,0.973391304347826
2015-09-06,0.9957681159420287
2015-09-07,0.9622028985507245
2015-09-08,1.0517101449275361
2015-09-09,1.0628985507246376
2015-09-10,0.9622028985507245
2015-09-11,0.9286376811594201
2015-09-12,1.0293333333333332
2015-09-13,1.096463768115942
2015-09-14,1.0628985507246376
2015-09-15,0.9957681159420287
2015-09-16,1.1076521739130434
2015-09-17,1.0628985507246376
2015-09-18,1.1076521739130434
2015-09-19,0.9398260869565217
2015-09-20,1.0069565217391303
2015-09-21,0.9957681159420287
2015-09-22,1.096463768115942
2015-09-23,1.1188405797101448
2015-09-24,1.0293333333333332
2015-09-25,1.0405217391304347
2015-09-26,0.9957681159420287
2015-09-27,1.0293333333333332
2015-09-28,0.9622028985507245
2015-09-29,1.0181449275362318
2015-09-30,1.0405217391304347
2015-10-01,0.8443209323173465
2015-10-02,0.8858449125952488
2015-10-03,0.8443209323173465
2015-10-04,0.816638278798745
2015-10-05,0.8996862393545494
2015-10-06,0.9965755266696548
2015-10-07,0.8996862393545494
2015-10-08,0.9550515463917525
2015-10-09,0.872003585835948
2015-10-10,0.8996862393545494
2015-10-11,0.8443209323173465
2015-10-12,0.927368892873151
2015-10-13,0.927368892873151
2015-10-14,0.8581622590766471
2015-10-15,0.8996862393545494
2015-10-16,0.9412102196324517
2015-10-17,0.9688928731510533
2015-10-18,0.8996862393545494
2015-10-19,0.927368892873151
2015-10-20,1.0657821604661586
2015-10-21,1.0519408337068579
2015-10-22,1.204195428059166
2015-10-23,1.0519408337068579
2015-10-24,1.0242581801882562
2015-10-25,1.0242581801882562
2015-10-26,1.107306140744061
2015-10-27,1.1903541012998655
2015-10-28,1.1488301210219631
2015-10-29,1.3564500224114746
2015-10-30,1.3841326759300763
2015-10-31,1.1626714477812639
2015-11-01,1.5344099378881988
2015-11-02,1.630310559006211
2015-11-03,2.3655486542443063
2015-11-04,3.1966873706004137
2015-11-05,2.845051759834368
2015-11-06,1.9819461697722567
2015-11-07,1.6942443064182193
2015-11-08,1.5024430641821946
2015-11-09,1.7581780538302276
2015-11-10,1.630310559006211
2015-11-11,1.5663768115942027
2015-11-12,1.4385093167701861
2015-11-13,1.4385093167701861
2015-11-14,1.150807453416149
2015-11-15,1.1827743271221531
2015-11-16,1.2467080745341614
2015-11-17,1.4065424430641822
2015-11-18,1.342608695652174
2015-11-19,1.31064182194617
2015-11-20,1.374575569358178
2015-11-21,1.4065424430641822
2015-11-22,1.2147412008281573
2015-11-23,1.2786749482401656
2015-11-24,1.2786749482401656
2015-11-25,1.2147412008281573
2015-11-26,1.342608695652174
2015-11-27,1.2467080745341614
2015-11-28,1.150807453416149
2015-11-29,1.1827743271221531
2015-11-30,1.4065424430641822
2015-12-01,1.2819810633648945
2015-12-02,1.3494537509104152
2015-12-03,1.248244719592134
2015-12-04,1.1807720320466133
2015-12-05,1.1470356882738528
2015-12-06,1.2145083758193735
2015-12-07,1.3157174071376547
2015-12-08,1.7205535324107795
2015-12-09,3.3736343772760375
2015-12-10,2.3278077203204663
2015-12-11,1.8892352512745814
2015-12-12,1.6868171886380188
2015-12-13,1.4843991260014568
2015-12-14,1.4506627822286962
2015-12-15,1.6868171886380188
2015-12-16,1.518135469774217
2015-12-17,1.5518718135469773
2015-12-18,1.4843991260014568
2015-12-19,1.2145083758193735
2015-12-20,1.3831900946831757
2015-12-21,1.416926438455936
2015-12-22,1.2819810633648945
2015-12-23,1.4506627822286962
2015-12-24,1.3494537509104152
2015-12-25,1.2819810633648945
2015-12-26,1.4506627822286962
2015-12-27,1.3157174071376547
2015-12-28,1.3157174071376547
2015-12-29,1.3494537509104152
2015-12-30,1.3494537509104152
2015-12-31,1.248244719592134
2016-01-01,1.1350988822012038
2016-01-02,1.2944110060189167
2016-01-03,1.393981083404987
2016-01-04,1.374067067927773
2016-01-05,1.5134651762682718
2016-01-06,1.393981083404987
2016-01-07,1.7325193465176267
2016-01-08,1.6130352536543422
2016-01-09,1.393981083404987
2016-01-10,1.2744969905417023
2016-01-11,1.5134651762682718
2016-01-12,1.2346689595872742
2016-01-13,1.4935511607910574
2016-01-14,1.4537231298366293
2016-01-15,1.9117454858125538
2016-01-16,1.9914015477214098
2016-01-17,1.7126053310404126
2016-01-18,1.7126053310404126
2016-01-19,1.6329492691315561
2016-01-20,1.7126053310404126
2016-01-21,1.6528632846087703
2016-01-22,1.5732072226999139
2016-01-23,1.5333791917454858
2016-01-24,1.2744969905417023
2016-01-25,1.4935511607910574
2016-01-26,1.4736371453138435
2016-01-27,1.413895098882201
2016-01-28,1.4537231298366293
2016-01-29,1.4537231298366293
2016-01-30,1.2744969905417023
2016-01-31,1.2346689595872742
2016-02-01,1.5659098497495822
2016-02-02,1.430584307178631
2016-02-03,1.5272454090150247
2016-02-04,1.4499165275459096
2016-02-05,1.4499165275459096
2016-02-06,1.430584307178631
2016-02-07,1.4499165275459096
2016-02-08,1.411252086811352
2016-02-09,1.5465776293823037
2016-02-10,1.6239065108514186
2016-02-11,1.7398998330550914
2016-02-12,1.585242070116861
2016-02-13,1.430584307178631
2016-02-14,1.4499165275459096
2016-02-15,1.7398998330550914
2016-02-16,1.7398998330550914
2016-02-17,1.7398998330550914
2016-02-18,1.9332220367278796
2016-02-19,1.8558931552587643
2016-02-20,1.6045742904841402
2016-02-21,1.7205676126878129
2016-02-22,1.7012353923205341
2016-02-23,1.6045742904841402
2016-02-24,1.7205676126878129
2016-02-25,1.6045742904841402
2016-02-26,1.6625709515859766
2016-02-27,1.5465776293823037
2016-02-28,1.4692487479131884
2016-02-29,1.585242070116861
2016-03-01,1.5609404388714732
2016-03-02,1.597241379310345
2016-03-03,1.7061442006269592
2016-03-04,1.5064890282131662
2016-03-05,1.8150470219435735
2016-03-06,1.3975862068965514
2016-03-07,1.633542319749216
2016-03-08,1.5427899686520377
2016-03-09,1.633542319749216
2016-03-10,1.4883385579937303
2016-03-11,1.379435736677116
2016-03-12,1.4338871473354229
2016-03-13,1.379435736677116
2016-03-14,1.651692789968652
2016-03-15,1.5064890282131662
2016-03-16,1.5246394984326017
2016-03-17,1.4520376175548588
2016-03-18,1.36128526645768
2016-03-19,1.4157366771159874
2016-03-20,1.4701880877742945
2016-03-21,1.4883385579937303
2016-03-22,1.5246394984326017
2016-03-23,1.4883385579937303
2016-03-24,1.379435736677116
2016-03-25,1.3431347962382443
2016-03-26,1.2886833855799373
2016-03-27,1.379435736677116
2016-03-28,1.379435736677116
2016-03-29,1.5064890282131662
2016-03-30,1.579090909090909
2016-03-31,1.5064890282131662
2016-04-01,1.441412952060555
2016-04-02,1.4024558452481073
2016-04-03,1.3634987384356598
2016-04-04,1.4998486122792256
2016-04-05,1.6167199327165682
2016-04-06,1.577762825904121
2016-04-07,1.5388057190916733
2016-04-08,1.4608915054667784
2016-04-09,1.3634987384356598
2016-04-10,1.4998486122792256
2016-04-11,1.4998486122792256
2016-04-12,1.577762825904121
2016-04-13,1.6556770395290155
2016-04-14,1.3634987384356598
2016-04-15,1.285584524810765
2016-04-16,1.3440201850294362
2016-04-17,1.3829772918418834
2016-04-18,1.4024558452481073
2016-04-19,1.5193271656854495
2016-04-20,1.4998486122792256
2016-04-21,1.6361984861227916
2016-04-22,1.7530698065601342
2016-04-23,1.4803700588730022
2016-04-24,1.7141126997476868
2016-04-25,1.6751555929352393
2016-04-26,1.6946341463414631
2016-04-27,1.8115054667788053
2016-04-28,1.9478553406223713
2016-04-29,1.7141126997476868
2016-04-30,1.5972413793103444
2016-05-01,1.4550785340314136
2016-05-02,5.389179755671901
2016-05-03,3.3412914485165794
2016-05-04,2.263455497382199
2016-05-05,2.263455497382199
2016-05-06,2.047888307155323
2016-05-07,1.9401047120418844
2016-05-08,1.8862129144851656
2016-05-09,1.9939965095986039
2016-05-10,1.8862129144851656
2016-05-11,1.8862129144851656
2016-05-12,1.7784293193717275
2016-05-13,1.7245375218150085
2016-05-14,1.4550785340314136
2016-05-15,1.4011867364746944
2016-05-16,1.4011867364746944
2016-05-17,1.7784293193717275
2016-05-18,1.7245375218150085
2016-05-19,1.7784293193717275
2016-05-20,1.7784293193717275
2016-05-21,1.5628621291448517
2016-05-22,1.5089703315881322
2016-05-23,1.6167539267015705
2016-05-24,1.5628621291448517
2016-05-25,1.7245375218150085
2016-05-26,1.4550785340314136
2016-05-27,1.9939965095986039
2016-05-28,2.2095636998254795
2016-05-29,2.3173472949389176
2016-05-30,2.4251308900523556
2016-05-31,2.2095636998254795
2016-06-01,2.167017543859649
2016-06-02,2.012230576441102
2016-06-03,2.128320802005012
2016-06-04,2.2444110275689217
2016-06-05,2.167017543859649
2016-06-06,2.205714285714285
2016-06-07,2.167017543859649
2016-06-08,2.012230576441102
2016-06-09,2.0509273182957393
2016-06-10,1.8961403508771926
2016-06-11,1.9735338345864657
2016-06-12,2.902255639097744
2016-06-13,3.444010025062656
2016-06-14,2.9796491228070168
2016-06-15,2.5926817042606514
2016-06-16,3.444010025062656
2016-06-17,3.444010025062656
2016-06-18,2.8248621553884705
2016-06-19,2.4378947368421047
2016-06-20,2.6700751879699243
2016-06-21,3.1731328320801997
2016-06-22,2.6700751879699243
2016-06-23,2.902255639097744
2016-06-24,3.8696741854636585
2016-06-25,2.902255639097744
2016-06-26,2.3991979949874684
2016-06-27,2.515288220551378
2016-06-28,2.515288220551378
2016-06-29,2.205714285714285
2016-06-30,2.2831077694235584
2016-07-01,1.8321298174442189
2016-07-02,1.5972413793103446
2016-07-03,1.6911967545638942
2016-07-04,1.6677079107505068
2016-07-05,1.5737525354969573
2016-07-06,1.6677079107505068
2016-07-07,1.7616632860040566
2016-07-08,1.6677079107505068
2016-07-09,2.348884381338742
2016-07-10,1.7381744421906689
2016-07-11,1.620730223123732
2016-07-12,1.5737525354969573
2016-07-13,1.4563083164300201
2016-07-14,1.4328194726166326
2016-07-15,1.4563083164300201
2016-07-16,1.3858417849898579
2016-07-17,1.338864097363083
2016-07-18,1.4093306288032452
2016-07-19,1.3858417849898579
2016-07-20,1.338864097363083
2016-07-21,1.4328194726166326
2016-07-22,1.1979310344827585
2016-07-23,1.1979310344827585
2016-07-24,1.3153752535496956
2016-07-25,1.2214198782961458
2016-07-26,1.3858417849898579
2016-07-27,1.4797971602434077
2016-07-28,1.338864097363083
2016-07-29,1.1509533468559836
2016-07-30,1.291886409736308
2016-07-31,1.3623529411764703
2016-08-01,1.571870036101083
2016-08-02,1.9063104693140793
2016-08-03,3.3444043321299635
2016-08-04,2.1738628158844766
2016-08-05,1.638758122743682
2016-08-06,1.5384259927797832
2016-08-07,1.6722021660649817
2016-08-08,1.638758122743682
2016-08-09,1.571870036101083
2016-08-10,1.4046498194945847
2016-08-11,1.2708736462093861
2016-08-12,1.3043176895306856
2016-08-13,1.3043176895306856
2016-08-14,1.2708736462093861
2016-08-15,1.3043176895306856
2016-08-16,1.3377617328519853
2016-08-17,1.3043176895306856
2016-08-18,1.3043176895306856
2016-08-19,1.371205776173285
2016-08-20,1.170541516245487
2016-08-21,1.3043176895306856
2016-08-22,1.3043176895306856
2016-08-23,1.4380938628158844
2016-08-24,1.4046498194945847
2016-08-25,1.4380938628158844
2016-08-26,1.4380938628158844
2016-08-27,1.2708736462093861
2016-08-28,1.2374296028880865
2016-08-29,1.3377617328519853
2016-08-30,1.3377617328519853
2016-08-31,1.4046498194945847
2016-09-01,1.5625187406296848
2016-09-02,1.4236281859070463
2016-09-03,1.4236281859070463
2016-09-04,1.649325337331334
2016-09-05,1.649325337331334
2016-09-06,1.5798800599700147
2016-09-07,1.545157421289355
2016-09-08,1.6840479760119935
2016-09-09,1.6146026986506743
2016-09-10,1.545157421289355
2016-09-11,1.4757121439280356
2016-09-12,1.7361319340329833
2016-09-13,1.6840479760119935
2016-09-14,1.5625187406296848
2016-09-15,1.649325337331334
2016-09-16,1.545157421289355
2016-09-17,1.4409895052473762
2016-09-18,1.319460269865067
2016-09-19,1.4930734632683655
2016-09-20,1.545157421289355
2016-09-21,1.631964017991004
2016-09-22,1.649325337331334
2016-09-23,1.5104347826086952
2016-09-24,1.5798800599700147
2016-09-25,1.3889055472263867
2016-09-26,1.5277961019490252
2016-09-27,1.4930734632683655
2016-09-28,1.4409895052473762
2016-09-29,1.4757121439280356
2016-09-30,1.4930734632683655
2016-10-01,1.312878653675819
2016-10-02,1.2718511957484495
2016-10-03,1.374419840566873
2016-10-04,1.3949335695305576
2016-10-05,1.374419840566873
2016-10-06,1.4154472984942423
2016-10-07,1.4769884853852964
2016-10-08,1.2923649247121345
2016-10-09,1.312878653675819
2016-10-10,1.374419840566873
2016-10-11,1.6410983170947737
2016-10-12,1.559043401240035
2016-10-13,1.4769884853852964
2016-10-14,1.5385296722763504
2016-10-15,1.374419840566873
2016-10-16,1.5180159433126656
2016-10-17,1.4769884853852964
2016-10-18,1.435961027457927
2016-10-19,1.4769884853852964
2016-10-20,1.3949335695305576
2016-10-21,1.374419840566873
2016-10-22,1.4154472984942423
2016-10-23,1.5180159433126656
2016-10-24,1.4975022143489811
2016-10-25,1.4564747564216116
2016-10-26,1.559043401240035
2016-10-27,1.6410983170947737
2016-10-28,1.764180690876882
2016-10-29,2.051372896368467
2016-10-30,1.8052081488042513
2016-10-31,1.7436669619131973
2016-11-01,2.2177454545454545
2016-11-02,2.0493090909090905
2016-11-03,2.1335272727272723
2016-11-04,2.0493090909090905
2016-11-05,2.0493090909090905
2016-11-06,1.9370181818181815
2016-11-07,1.8527999999999998
2016-11-08,1.9089454545454543
2016-11-09,2.807272727272727
2016-11-10,1.9370181818181815
2016-11-11,1.9370181818181815
2016-11-12,1.9089454545454543
2016-11-13,1.9089454545454543
2016-11-14,1.9089454545454543
2016-11-15,2.0212363636363637
2016-11-16,2.105454545454545
2016-11-17,2.2177454545454545
2016-11-18,2.2177454545454545
2016-11-19,2.077381818181818
2016-11-20,1.993163636363636
2016-11-21,2.0212363636363637
2016-11-22,2.077381818181818
2016-11-23,2.2458181818181813
2016-11-24,2.2177454545454545
2016-11-25,1.9650909090909088
2016-11-26,1.8527999999999998
2016-11-27,1.9650909090909088
2016-11-28,2.0493090909090905
2016-11-29,2.1616
2016-11-30,1.9650909090909088
2016-12-01,2.2307910942681195
2016-12-02,2.3405021316911414
2016-12-03,2.084509711037423
2016-12-04,1.9382283278067265
2016-12-05,2.303931785883467
2016-12-06,2.084509711037423
2016-12-07,2.1576504026527714
2016-12-08,2.303931785883467
2016-12-09,2.1576504026527714
2016-12-10,2.011369019422075
2016-12-11,2.011369019422075
2016-12-12,2.121080056845097
2016-12-13,2.2307910942681195
2016-12-14,2.1942207484604452
2016-12-15,2.0479393652297486
2016-12-16,2.0479393652297486
2016-12-17,2.0479393652297486
2016-12-18,1.9382283278067265
2016-12-19,2.2307910942681195
2016-12-20,2.2307910942681195
2016-12-21,2.7062055897678823
2016-12-22,3.2181904310753198
2016-12-23,3.657034580767409
2016-12-24,2.9256276646139265
2016-12-25,2.9621980104216012
2016-12-26,2.8890573188062527
2016-12-27,3.108479393652297
2016-12-28,3.657034580767409
2016-12-29,3.6204642349597345
2016-12-30,3.1816200852676455
2016-12-31,2.5599242065371857
2017-01-01,2.5408667032364236
2017-01-02,4.065386725178278
2017-01-03,3.811300054854635
2017-01-04,4.217838727372463
2017-01-05,5.081733406472847
2017-01-06,4.471925397696105
2017-01-07,3.811300054854635
2017-01-08,3.6588480526604497
2017-01-09,3.4047613823368073
2017-01-10,3.150674712013165
2017-01-11,3.506396050466265
2017-01-12,3.760482720789907
2017-01-13,2.9474053757542515
2017-01-14,2.8457707076247947
2017-01-15,2.6933187054306087
2017-01-16,2.5408667032364236
2017-01-17,2.7441360394953374
2017-01-18,2.6933187054306087
2017-01-19,2.591684037301152
2017-01-20,2.4392320351069667
2017-01-21,2.388414701042238
2017-01-22,2.286780032912781
2017-01-23,2.4392320351069667
2017-01-24,2.4900493691716954
2017-01-25,2.3375973669775094
2017-01-26,2.2359626988480525
2017-01-27,2.286780032912781
2017-01-28,2.1851453647833243
2017-01-29,2.2359626988480525
2017-01-30,2.3375973669775094
2017-01-31,2.4392320351069667
2017-02-01,2.6925759840558046
2017-02-02,2.7695067264573985
2017-02-03,2.8464374688589933
2017-02-04,2.6156452416542098
2017-02-05,2.577179870453413
2017-02-06,2.6925759840558046
2017-02-07,2.6156452416542098
2017-02-08,2.807972097658196
2017-02-09,2.9233682112605877
2017-02-10,2.807972097658196
2017-02-11,2.6156452416542098
2017-02-12,2.4233183856502243
2017-02-13,2.461783756851021
2017-02-14,2.461783756851021
2017-02-15,2.461783756851021
2017-02-16,2.6156452416542098
2017-02-17,2.6156452416542098
2017-02-18,2.538714499252616
2017-02-19,2.1540607872446436
2017-02-20,2.538714499252616
2017-02-21,2.961833582461385
2017-02-22,2.961833582461385
2017-02-23,3.3464872944693567
2017-02-24,3.846537120079721
2017-02-25,3.1541604384653703
2017-02-26,2.807972097658196
2017-02-27,2.88490284005979
2017-02-28,3.0002989536621816
2017-03-01,3.0168542312804605
2017-03-02,4.118245458573327
2017-03-03,4.453451484271156
2017-03-04,4.070358883473637
2017-03-05,3.352060256978289
2017-03-06,3.495719982277359
2017-03-07,3.7830394328754977
2017-03-08,3.878812583074878
2017-03-09,3.735152857775808
2017-03-10,4.788657509968985
2017-03-11,4.6928843597696055
2017-03-12,3.352060256978289
2017-03-13,3.5914931324767387
2017-03-14,3.2562871067789096
2017-03-15,3.2084005316792195
2017-03-16,3.16051395657953
2017-03-17,3.352060256978289
2017-03-18,3.9266991581745674
2017-03-19,3.5914931324767387
2017-03-20,3.2562871067789096
2017-03-21,3.2562871067789096
2017-03-22,3.3041736818785994
2017-03-23,3.11262738147984
2017-03-24,3.3041736818785994
2017-03-25,3.3999468320779793
2017-03-26,3.16051395657953
2017-03-27,3.0647408063801507
2017-03-28,2.921081081081081
2017-03-29,2.9689676561807707
2017-03-30,2.729534780682321
2017-03-31,2.777421355782011
2017-04-01,3.0630680507497114
2017-04-02,2.9918339100346016
2017-04-03,3.1343021914648213
2017-04-04,3.2055363321799306
2017-04-05,2.956216839677047
2017-04-06,3.098685121107266
2017-04-07,3.098685121107266
2017-04-08,3.0274509803921568
2017-04-09,2.849365628604383
2017-04-10,2.956216839677047
2017-04-11,3.27677047289504
2017-04-12,2.956216839677047
2017-04-13,3.1343021914648213
2017-04-14,2.849365628604383
2017-04-15,2.8137485582468282
2017-04-16,2.8137485582468282
2017-04-17,2.9205997693194923
2017-04-18,3.3836216839677045
2017-04-19,2.9918339100346016
2017-04-20,2.9918339100346016
2017-04-21,3.098685121107266
2017-04-22,2.956216839677047
2017-04-23,2.635663206459054
2017-04-24,2.9205997693194923
2017-04-25,3.3836216839677045
2017-04-26,3.490472895040369
2017-04-27,3.5617070357554783
2017-04-28,3.5260899653979236
2017-04-29,3.2411534025374853
2017-04-30,3.3123875432525947
2017-05-01,3.589071698113207
2017-05-02,4.078490566037735
2017-05-03,4.078490566037735
2017-05-04,5.057328301886791
2017-05-05,4.731049056603772
2017-05-06,4.2416301886792445
2017-05-07,3.9153509433962257
2017-05-08,4.404769811320754
2017-05-09,5.38360754716981
2017-05-10,4.894188679245282
2017-05-11,5.70988679245283
2017-05-12,6.525584905660376
2017-05-13,7.015003773584905
2017-05-14,5.70988679245283
2017-05-15,7.9938415094339605
2017-05-16,7.015003773584905
2017-05-17,5.873026415094338
2017-05-18,5.38360754716981
2017-05-19,5.70988679245283
2017-05-20,5.70988679245283
2017-05-21,6.362445283018866
2017-05-22,10.277796226415091
2017-05-23,10.930354716981128
2017-05-24,12.235471698113205
2017-05-25,16.31396226415094
2017-05-26,12.888030188679242
2017-05-27,10.440935849056602
2017-05-28,7.504422641509433
2017-05-29,7.341283018867923
2017-05-30,7.504422641509433
2017-05-31,7.341283018867923
2017-06-01,7.453793103448275
2017-06-02,6.53483230987246
2017-06-03,6.432725555030704
2017-06-04,5.82008502598016
2017-06-05,6.636939064714218
2017-06-06,9.802248464808692
2017-06-07,8.37275389702409
2017-06-08,7.147472838923004
2017-06-09,7.147472838923004
2017-06-10,6.841152574397732
2017-06-11,7.249579593764761
2017-06-12,9.291714690599905
2017-06-13,8.270647142182332
2017-06-14,7.658006613131789
2017-06-15,10.210675484175718
2017-06-16,7.555899858290032
2017-06-17,6.024298535663674
2017-06-18,6.432725555030704
2017-06-19,6.126405290505431
2017-06-20,6.432725555030704
2017-06-21,7.045366084081246
2017-06-22,6.2285120453471885
2017-06-23,6.024298535663674
2017-06-24,6.432725555030704
2017-06-25,6.636939064714218
2017-06-26,8.066433632498818
2017-06-27,8.37275389702409
2017-06-28,7.658006613131789
2017-06-29,6.330618800188946
2017-06-30,5.922191780821916
2017-07-01,5.384441132637854
2017-07-02,5.315409836065573
2017-07-03,5.246378539493293
2017-07-04,5.315409836065573
2017-07-05,5.246378539493293
2017-07-06,5.315409836065573
2017-07-07,5.246378539493293
2017-07-08,5.315409836065573
2017-07-09,5.315409836065573
2017-07-10,6.005722801788375
2017-07-11,6.834098360655736
2017-07-12,6.212816691505215
2017-07-13,5.591535022354694
2017-07-14,5.798628912071534
2017-07-15,6.627004470938896
2017-07-16,6.903129657228018
2017-07-17,6.696035767511177
2017-07-18,6.627004470938896
2017-07-19,6.212816691505215
2017-07-20,6.903129657228018
2017-07-21,6.834098360655736
2017-07-22,5.729597615499254
2017-07-23,6.074754098360655
2017-07-24,6.005722801788375
2017-07-25,6.557973174366617
2017-07-26,5.660566318926974
2017-07-27,5.867660208643814
2017-07-28,6.212816691505215
2017-07-29,5.798628912071534
2017-07-30,5.660566318926974
2017-07-31,6.765067064083458
2017-08-01,13.625574065736151
2017-08-02,11.818099954975233
2017-08-03,7.6470058532192695
2017-08-04,6.673750562809544
2017-08-05,9.176407023863122
2017-08-06,7.229896443043672
2017-08-07,9.03737055380459
2017-08-08,9.871589374155784
2017-08-09,8.34218820351193
2017-08-10,7.368932913102204
2017-08-11,8.064115263394864
2017-08-12,9.593516434038719
2017-08-13,11.957136425033767
2017-08-14,13.903647005853216
2017-08-15,13.764610535794684
2017-08-16,11.540027014858168
2017-08-17,11.261954074741105
2017-08-18,11.122917604682572
2017-08-19,10.288698784331379
2017-08-20,10.149662314272849
2017-08-21,10.149662314272849
2017-08-22,10.705808194506977
2017-08-23,10.149662314272849
2017-08-24,9.454479963980187
2017-08-25,9.871589374155784
2017-08-26,7.7860423232778
2017-08-27,7.368932913102204
2017-08-28,8.481224673570463
2017-08-29,10.288698784331379
2017-08-30,10.566771724448444
2017-08-31,11.540027014858168
2017-09-01,12.780836870830804
2017-09-02,11.994323832625833
2017-09-03,11.011182534869617
2017-09-04,13.960606428138265
2017-09-05,13.17409338993329
2017-09-06,11.404439053972103
2017-09-07,10.421297756215887
2017-09-08,11.404439053972103
2017-09-09,9.241528198908428
2017-09-10,9.044899939357185
2017-09-11,10.224669496664642
2017-09-12,10.814554275318372
2017-09-13,14.550491206791992
2017-09-14,17.696543359611884
2017-09-15,19.662825955124312
2017-09-16,12.977465130382049
2017-09-17,9.831412977562156
2017-09-18,12.190952092177076
2017-09-19,11.79769557307459
2017-09-20,10.224669496664642
2017-09-21,9.634784718010915
2017-09-22,9.634784718010915
2017-09-23,7.275245603395996
2017-09-24,6.29210430563978
2017-09-25,7.865130382049726
2017-09-26,7.865130382049726
2017-09-27,8.258386901152212
2017-09-28,8.258386901152212
2017-09-29,7.275245603395996
2017-09-30,7.471873862947239
2017-10-01,6.487257294429707
2017-10-02,8.109071618037134
2017-10-03,7.568466843501325
2017-10-04,7.568466843501325
2017-10-05,7.208063660477452
2017-10-06,6.6674588859416435
2017-10-07,6.307055702917771
2017-10-08,6.847660477453579
2017-10-09,9.190281167108752
2017-10-10,9.911087533156497
2017-10-11,8.649676392572943
2017-10-12,15.497336870026523
2017-10-13,18.02015915119363
2017-10-14,12.25370822281167
2017-10-15,10.81209549071618
2017-10-16,11.893305039787796
2017-10-17,11.172498673740051
2017-10-18,11.352700265251986
2017-10-19,10.81209549071618
2017-10-20,13.154716180371352
2017-10-21,14.596328912466843
2017-10-22,12.25370822281167
2017-10-23,14.416127320954905
2017-10-24,15.13693368700265
2017-10-25,13.154716180371352
2017-10-26,12.794312997347479
2017-10-27,11.352700265251986
2017-10-28,9.550684350132624
2017-10-29,10.091289124668434
2017-10-30,12.25370822281167
2017-10-31,14.596328912466843
2017-11-01,17.893754646840147
2017-11-02,23.44698884758364
2017-11-03,20.97888475836431
2017-11-04,16.042676579925644
2017-11-05,16.659702602230478
2017-11-06,17.893754646840147
2017-11-07,16.659702602230478
2017-11-08,18.510780669144978
2017-11-09,16.042676579925644
2017-11-10,20.361858736059474
2017-11-11,19.744832713754644
2017-11-12,24.681040892193305
2017-11-13,21.59591078066914
2017-11-14,16.659702602230478
2017-11-15,16.042676579925644
2017-11-16,17.276728624535313
2017-11-17,20.361858736059474
2017-11-18,15.425650557620816
2017-11-19,14.808624535315984
2017-11-20,19.744832713754644
2017-11-21,19.744832713754644
2017-11-22,17.276728624535313
2017-11-23,16.659702602230478
2017-11-24,15.425650557620816
2017-11-25,16.659702602230478
2017-11-26,23.44698884758364
2017-11-27,33.319405204460956
2017-11-28,39.48966542750929
2017-11-29,61.702602230483265
2017-11-30,49.36208178438661
2017-12-01,38.0
2017-12-02,29.000000000000004
2017-12-03,29.000000000000004
2017-12-04,35.0
2017-12-05,36.0
2017-12-06,49.0
2017-12-07,95.0
2017-12-08,90.0
2017-12-09,57.0
2017-12-10,56.0
2017-12-11,61.0
2017-12-12,59.0
2017-12-13,52.0
2017-12-14,46.0
2017-12-15,42.0
2017-12-16,42.99999999999999
2017-12-17,45.0
2017-12-18,46.99999999999999
2017-12-19,49.0
2017-12-20,70.0
2017-12-21,50.99999999999999
2017-12-22,100.0
2017-12-23,65.0
2017-12-24,46.0
2017-12-25,41.00000000000001
2017-12-26,41.00000000000001
2017-12-27,38.99999999999999
2017-12-28,38.0
2017-12-29,34.0
2017-12-30,34.0
2017-12-31,27.0
2018-01-01,26.59169503063308
2018-01-02,30.06017699115044
2018-01-03,31.79441797140912
2018-01-04,30.06017699115044
2018-01-05,28.904016337644652
2018-01-06,27.169775357385973
2018-01-07,26.013614703880187
2018-01-08,30.06017699115044
2018-01-09,27.747855684138866
2018-01-10,27.747855684138866
2018-01-11,33.52865895166779
2018-01-12,27.747855684138866
2018-01-13,23.701293396868614
2018-01-14,20.810891763104152
2018-01-15,21.388972089857038
2018-01-16,42.777944179714076
2018-01-17,57.808032675289304
2018-01-18,40.46562287270252
2018-01-19,27.747855684138866
2018-01-20,24.8574540503744
2018-01-21,21.96705241660994
2018-01-22,26.013614703880187
2018-01-23,26.013614703880187
2018-01-24,23.701293396868614
2018-01-25,23.12321307011572
2018-01-26,23.12321307011572
2018-01-27,18.498570456092576
2018-01-28,17.920490129339683
2018-01-29,18.498570456092576
2018-01-30,21.388972089857038
2018-01-31,21.96705241660994
2018-02-01,27.2516652578191
2018-02-02,38.05836010143702
2018-02-03,24.43252747252747
2018-02-04,20.673677092138625
2018-02-05,38.05836010143702
2018-02-06,46.98562975486051
2018-02-07,29.131090448013516
2018-02-08,24.43252747252747
2018-02-09,23.492814877430256
2018-02-10,17.384683009298392
2018-02-11,15.975114116652573
2018-02-12,17.854539306846995
2018-02-13,15.505257819103969
2018-02-14,16.44497041420118
2018-02-15,17.384683009298392
2018-02-16,16.44497041420118
2018-02-17,14.565545224006758
2018-02-18,15.975114116652573
2018-02-19,14.095688926458156
2018-02-20,17.384683009298392
2018-02-21,16.44497041420118
2018-02-22,15.035401521555364
2018-02-23,13.155976331360945
2018-02-24,11.746407438715128
2018-02-25,11.276551141166523
2018-02-26,11.746407438715128
2018-02-27,13.155976331360945
2018-02-28,11.746407438715128
2018-03-01,10.957419354838706
2018-03-02,11.519338296112487
2018-03-03,10.676459884201819
2018-03-04,9.131182795698923
2018-03-05,10.816939619520262
2018-03-06,10.957419354838706
2018-03-07,12.643176178660047
2018-03-08,11.65981803143093
2018-03-09,14.047973531844496
2018-03-10,9.974061207609594
2018-03-11,10.535980148883372
2018-03-12,11.097899090157153
2018-03-13,10.816939619520262
2018-03-14,12.221736972704711
2018-03-15,13.767014061207606
2018-03-16,11.65981803143093
2018-03-17,9.833581472291147
2018-03-18,12.502696443341602
2018-03-19,11.940777502067823
2018-03-20,10.816939619520262
2018-03-21,10.676459884201819
2018-03-22,10.255020678246481
2018-03-23,9.974061207609594
2018-03-24,8.147824648469808
2018-03-25,8.147824648469808
2018-03-26,11.519338296112487
2018-03-27,10.114540942928038
2018-03-28,9.552622001654258
2018-03-29,11.519338296112487
2018-03-30,12.924135649296938
2018-03-31,9.271662531017368
2018-04-01,11.009051833122628
2018-04-02,11.594639696586597
2018-04-03,10.540581542351456
2018-04-04,10.306346396965866
2018-04-05,10.774816687737042
2018-04-06,11.711757269279394
2018-04-07,8.432465233881164
2018-04-08,7.612642225031606
2018-04-09,10.306346396965866
2018-04-10,9.603640960809102
2018-04-11,9.252288242730721
2018-04-12,10.774816687737042
2018-04-13,11.477522123893804
2018-04-14,8.198230088495576
2018-04-15,7.495524652338812
2018-04-16,9.018053097345131
2018-04-17,8.66670037926675
2018-04-18,8.66670037926675
2018-04-19,8.783817951959545
2018-04-20,9.135170670037928
2018-04-21,8.198230088495576
2018-04-22,7.846877370417193
2018-04-23,9.369405815423514
2018-04-24,10.774816687737042
2018-04-25,10.072111251580276
2018-04-26,8.432465233881164
2018-04-27,8.198230088495576
2018-04-28,7.378407079646017
2018-04-29,6.792819216182048
2018-04-30,7.495524652338812
2018-05-01,7.1001459854014595
2018-05-02,7.012489862124899
2018-05-03,8.414987834549876
2018-05-04,8.064363341443634
2018-05-05,7.275458231954582
2018-05-06,6.837177615571776
2018-05-07,7.88905109489051
2018-05-08,8.064363341443634
2018-05-09,7.1001459854014595
2018-05-10,7.18780210867802
2018-05-11,8.765612327656122
2018-05-12,6.661865369018654
2018-05-13,6.574209245742092
2018-05-14,7.363114355231143
2018-05-15,7.538426601784265
2018-05-16,7.012489862124899
2018-05-17,6.924833738848337
2018-05-18,6.486553122465531
2018-05-19,5.522335766423358
2018-05-20,5.872960259529603
2018-05-21,6.311240875912408
2018-05-22,6.661865369018654
2018-05-23,8.152019464720194
2018-05-24,8.064363341443634
2018-05-25,6.837177615571776
2018-05-26,6.311240875912408
2018-05-27,5.69764801297648
2018-05-28,6.135928629359286
2018-05-29,6.661865369018654
2018-05-30,6.048272506082724
2018-05-31,5.609991889699918
2018-06-01,5.999496591504982
2018-06-02,5.894242265338226
2018-06-03,5.894242265338226
2018-06-04,5.999496591504982
2018-06-05,6.210005243838489
2018-06-06,5.788987939171473
2018-06-07,5.999496591504982
2018-06-08,5.578479286837966
2018-06-09,5.683733613004718
2018-06-10,7.473057157839538
2018-06-11,10.525432616675404
2018-06-12,7.788820136339799
2018-06-13,9.262380702674358
2018-06-14,8.630854745673831
2018-06-15,6.736276874672259
2018-06-16,5.894242265338226
2018-06-17,5.683733613004718
2018-06-18,6.631022548505505
2018-06-19,6.420513896171997
2018-06-20,6.420513896171997
2018-06-21,5.999496591504982
2018-06-22,7.26254850550603
2018-06-23,6.525768222338751
2018-06-24,7.26254850550603
2018-06-25,6.525768222338751
2018-06-26,6.420513896171997
2018-06-27,5.894242265338226
2018-06-28,5.999496591504982
2018-06-29,7.788820136339799
2018-06-30,6.525768222338751
2018-07-01,5.912371442835747
2018-07-02,6.5136295556665
2018-07-03,6.012581128307538
2018-07-04,5.8121617573639535
2018-07-05,5.8121617573639535
2018-07-06,5.611742386420369
2018-07-07,5.1106939590614076
2018-07-08,6.1127908137793305
2018-07-09,5.611742386420369
2018-07-10,6.413419870194708
2018-07-11,5.010484273589616
2018-07-12,6.012581128307538
2018-07-13,5.8121617573639535
2018-07-14,4.709855217174238
2018-07-15,5.1106939590614076
2018-07-16,5.8121617573639535
2018-07-17,7.8163554667998
2018-07-18,9.219291063404892
2018-07-19,7.114887668497254
2018-07-20,6.914468297553668
2018-07-21,5.912371442835747
2018-07-22,5.912371442835747
2018-07-23,7.014677983025461
2018-07-24,10.020968547179232
2018-07-25,9.018871692461307
2018-07-26,7.415516724912631
2018-07-27,7.415516724912631
2018-07-28,6.012581128307538
2018-07-29,5.711952071892162
2018-07-30,6.814258612081877
2018-07-31,7.014677983025461
2018-08-01,6.1538240574506275
2018-08-02,5.571705565529623
2018-08-03,5.73802513464991
2018-08-04,5.654865350089766
2018-08-05,5.322226211849191
2018-08-06,6.070664272890484
2018-08-07,6.070664272890484
2018-08-08,8.066499102333932
2018-08-09,6.65278276481149
2018-08-10,5.904344703770197
2018-08-11,6.320143626570914
2018-08-12,5.239066427289049
2018-08-13,6.320143626570914
2018-08-14,8.315978456014362
2018-08-15,6.90226211849192
2018-08-16,5.987504488330341
2018-08-17,5.821184919210053
2018-08-18,5.322226211849191
2018-08-19,5.4885457809694795
2018-08-20,5.405385996409335
2018-08-21,6.070664272890484
2018-08-22,6.403303411131058
2018-08-23,5.987504488330341
2018-08-24,5.0727468581687605
2018-08-25,5.405385996409335
2018-08-26,5.0727468581687605
2018-08-27,5.405385996409335
2018-08-28,6.65278276481149
2018-08-29,5.821184919210053
2018-08-30,5.571705565529623
2018-08-31,5.4885457809694795
2018-09-01,5.215148413510746
2018-09-02,5.649744114636642
2018-09-03,5.649744114636642
2018-09-04,6.084339815762537
2018-09-05,7.9096417604913
2018-09-06,8.69191402251791
2018-09-07,6.345097236438075
2018-09-08,5.3889866939611055
2018-09-09,5.3020675537359265
2018-09-10,5.4759058341862845
2018-09-11,6.171258955987717
2018-09-12,6.605854657113613
2018-09-13,6.171258955987717
2018-09-14,5.3889866939611055
2018-09-15,5.128229273285567
2018-09-16,4.954390992835209
2018-09-17,4.86747185261003
2018-09-18,5.4759058341862845
2018-09-19,5.4759058341862845
2018-09-20,5.215148413510746
2018-09-21,6.432016376663254
2018-09-22,5.4759058341862845
2018-09-23,5.041310133060388
2018-09-24,4.954390992835209
2018-09-25,5.215148413510746
2018-09-26,5.736663254861821
2018-09-27,5.215148413510746
2018-09-28,4.954390992835209
2018-09-29,4.86747185261003
2018-09-30,4.780552712384851
2018-10-01,4.253257542632269
2018-10-02,5.2659379099256665
2018-10-03,4.995889811980761
2018-10-04,5.130913860953213
2018-10-05,4.928377787494534
2018-10-06,5.130913860953213
2018-10-07,4.320769567118496
2018-10-08,4.928377787494534
2018-10-09,5.198425885439439
2018-10-10,4.928377787494534
2018-10-11,6.751202448622649
2018-10-12,5.6034980323568
2018-10-13,4.185745518146042
2018-10-14,4.928377787494534
2018-10-15,6.346130301705291
2018-10-16,5.400961958898121
2018-10-17,5.130913860953213
2018-10-18,5.130913860953213
2018-10-19,4.995889811980761
2018-10-20,4.590817665063401
2018-10-21,4.658329689549629
2018-10-22,4.928377787494534
2018-10-23,4.523305640577175
2018-10-24,4.725841714035855
2018-10-25,4.860865763008308
2018-10-26,4.7933537385220815
2018-10-27,4.185745518146042
2018-10-28,4.253257542632269
2018-10-29,4.928377787494534
2018-10-30,5.130913860953213
2018-10-31,5.2659379099256665
2018-11-01,5.253744966442952
2018-11-02,4.714899328859059
2018-11-03,4.445476510067113
2018-11-04,5.119033557046979
2018-11-05,4.580187919463087
2018-11-06,5.119033557046979
2018-11-07,4.580187919463087
2018-11-08,4.714899328859059
2018-11-09,4.714899328859059
2018-11-10,4.041342281879193
2018-11-11,4.176053691275167
2018-11-12,4.580187919463087
2018-11-13,4.580187919463087
2018-11-14,7.543838926174495
2018-11-15,8.62153020134228
2018-11-16,5.927302013422818
2018-11-17,5.523167785234898
2018-11-18,5.253744966442952
2018-11-19,8.756241610738252
2018-11-20,13.471140939597314
2018-11-21,9.968644295302012
2018-11-22,6.8702818791946285
2018-11-23,7.813261744966442
2018-11-24,6.6008590604026836
2018-11-25,10.507489932885903
2018-11-26,10.642201342281878
2018-11-27,9.968644295302012
2018-11-28,8.756241610738252
2018-11-29,7.409127516778522
2018-11-30,6.466147651006709
2018-12-01,5.879676767676767
2018-12-02,4.764565656565656
2018-12-03,6.994787878787877
2018-12-04,6.3865454545454545
2018-12-05,6.3865454545454545
2018-12-06,7.0961616161616154
2018-12-07,10.137373737373737
2018-12-08,6.792040404040403
2018-12-09,5.879676767676767
2018-12-10,6.487919191919191
2018-12-11,6.690666666666665
2018-12-12,6.183797979797978
2018-12-13,6.487919191919191
2018-12-14,7.0961616161616154
2018-12-15,6.285171717171716
2018-12-16,5.77830303030303
2018-12-17,7.197535353535353
2018-12-18,7.400282828282827
2018-12-19,7.907151515151514
2018-12-20,8.211272727272725
2018-12-21,6.690666666666665
2018-12-22,5.474181818181817
2018-12-23,5.879676767676767
2018-12-24,6.690666666666665
2018-12-25,6.3865454545454545
2018-12-26,5.981050505050504
2018-12-27,5.676929292929293
2018-12-28,5.879676767676767
2018-12-29,5.474181818181817
2018-12-30,5.170060606060606
2018-12-31,5.372808080808079
2019-01-01,5.418588507520246
2019-01-02,5.418588507520246
2019-01-03,5.7758580794446575
2019-01-04,5.597223293482452
2019-01-05,5.23995372155804
2019-01-06,5.359043578866177
2019-01-07,5.359043578866177
2019-01-08,5.180408792903971
2019-01-09,5.478133436174314
2019-01-10,5.954492865406864
2019-01-11,5.359043578866177
2019-01-12,5.0017740069417655
2019-01-13,4.763594292325491
2019-01-14,5.180408792903971
2019-01-15,5.299498650212108
2019-01-16,5.23995372155804
2019-01-17,4.823139220979559
2019-01-18,4.644504435017354
2019-01-19,4.763594292325491
2019-01-20,3.989510219822599
2019-01-21,4.465869649055148
2019-01-22,4.644504435017354
2019-01-23,4.763594292325491
2019-01-24,4.763594292325491
2019-01-25,4.465869649055148
2019-01-26,3.989510219822599
2019-01-27,4.346779791747011
2019-01-28,5.120863864249904
2019-01-29,4.942229078287697
2019-01-30,4.644504435017354
2019-01-31,4.406324720401079
2019-02-01,4.739999999999999
2019-02-02,4.259999999999999
2019-02-03,4.079999999999999
2019-02-04,4.56
2019-02-05,5.759999999999999
2019-02-06,5.3999999999999995
2019-02-07,5.459999999999999
2019-02-08,5.339999999999999
2019-02-09,4.92
2019-02-10,4.92
2019-02-11,5.159999999999999
2019-02-12,4.8
2019-02-13,4.679999999999999
2019-02-14,4.679999999999999
2019-02-15,4.679999999999999
2019-02-16,4.079999999999999
2019-02-17,4.319999999999999
2019-02-18,5.159999999999999
2019-02-19,5.999999999999998
2019-02-20,5.279999999999999
2019-02-21,4.859999999999999
2019-02-22,5.1
2019-02-23,5.279999999999999
2019-02-24,5.819999999999999
2019-02-25,5.3999999999999995
2019-02-26,4.859999999999999
2019-02-27,4.56
2019-02-28,4.8
2019-03-01,3.917695953335763
2019-03-02,3.55744804958075
2019-03-03,3.82763397739701
2019-03-04,4.052788917243892
2019-03-05,4.368005833029529
2019-03-06,4.007757929274516
2019-03-07,4.187881881152022
2019-03-08,3.962726941305139
2019-03-09,4.007757929274516
2019-03-10,3.602479037550127
2019-03-11,4.142850893182645
2019-03-12,4.007757929274516
2019-03-13,3.8726649653663863
2019-03-14,3.962726941305139
2019-03-15,3.7826029894276334
2019-03-16,4.142850893182645
2019-03-17,3.917695953335763
2019-03-18,4.142850893182645
2019-03-19,4.322974845060153
2019-03-20,4.503098796937659
2019-03-21,4.052788917243892
2019-03-22,4.2329128691213995
2019-03-23,3.917695953335763
2019-03-24,3.512417061611374
2019-03-25,3.8726649653663863
2019-03-26,3.6475100255195034
2019-03-27,4.413036820998905
2019-03-28,4.052788917243892
2019-03-29,4.007757929274516
2019-03-30,3.8726649653663863
2019-03-31,3.6475100255195034
2019-04-01,4.7205095541401265
2019-04-02,11.093197452229298
2019-04-03,11.801273885350318
2019-04-04,8.732942675159235
2019-04-05,6.844738853503184
2019-04-06,5.900636942675159
2019-04-07,6.018649681528662
2019-04-08,7.080764331210191
2019-04-09,6.372687898089171
2019-04-10,6.372687898089171
2019-04-11,6.136662420382166
2019-04-12,6.254675159235669
2019-04-13,5.19256050955414
2019-04-14,4.7205095541401265
2019-04-15,5.782624203821656
2019-04-16,5.310573248407643
2019-04-17,5.428585987261145
2019-04-18,6.018649681528662
2019-04-19,5.074547770700637
2019-04-20,5.19256050955414
2019-04-21,5.19256050955414
2019-04-22,5.546598726114649
2019-04-23,7.316789808917196
2019-04-24,5.664611464968153
2019-04-25,6.018649681528662
2019-04-26,5.900636942675159
2019-04-27,5.074547770700637
2019-04-28,4.48448407643312
2019-04-29,4.83852229299363
2019-04-30,5.19256050955414
2019-05-01,4.540669642857142
2019-05-02,4.833616071428571
2019-05-03,6.005401785714285
2019-05-04,5.2730357142857125
2019-05-05,5.419508928571427
2019-05-06,5.419508928571427
2019-05-07,6.444821428571427
2019-05-08,6.151874999999998
2019-05-09,7.4701339285714266
2019-05-10,8.056026785714284
2019-05-11,10.399598214285712
2019-05-12,11.131964285714282
2019-05-13,13.03611607142857
2019-05-14,14.647321428571425
2019-05-15,12.01080357142857
2019-05-16,10.692544642857142
2019-05-17,11.424910714285712
2019-05-18,8.056026785714284
2019-05-19,9.227812499999999
2019-05-20,9.227812499999999
2019-05-21,9.081339285714284
2019-05-22,8.788392857142854
2019-05-23,7.616607142857141
2019-05-24,7.323660714285713
2019-05-25,6.298348214285713
2019-05-26,6.737767857142856
2019-05-27,10.839017857142855
2019-05-28,8.641919642857141
2019-05-29,8.788392857142854
2019-05-30,9.667232142857141
2019-05-31,9.227812499999999
2019-06-01,7.023883021933386
2019-06-02,7.023883021933386
2019-06-03,7.776441917140534
2019-06-04,9.78326563769293
2019-06-05,7.776441917140534
2019-06-06,7.776441917140534
2019-06-07,7.525588952071486
2019-06-08,5.769618196588138
2019-06-09,5.26791226645004
2019-06-10,6.773030056864336
2019-06-11,7.023883021933386
2019-06-12,6.773030056864336
2019-06-13,6.522177091795287
2019-06-14,7.023883021933386
2019-06-15,6.773030056864336
2019-06-16,9.281559707554832
2019-06-17,10.03411860276198
2019-06-18,10.03411860276198
2019-06-19,8.529000812347682
2019-06-20,9.78326563769293
2019-06-21,11.790089358245327
2019-06-22,17.810560519902516
2019-06-23,12.542648253452475
2019-06-24,13.796913078797724
2019-06-25,14.298619008935821
2019-06-26,25.08529650690495
2019-06-27,20.82079610073111
2019-06-28,16.05458976441917
2019-06-29,11.539236393176276
2019-06-30,10.78667749796913
2019-07-01,11.836456558773424
2019-07-02,11.836456558773424
2019-07-03,10.416081771720611
2019-07-04,10.179352640545142
2019-07-05,9.705894378194207
2019-07-06,7.456967632027256
2019-07-07,7.101873935264053
2019-07-08,9.587529812606473
2019-07-09,11.007904599659282
2019-07-10,11.48136286201022
2019-07-11,10.297717206132878
2019-07-12,10.179352640545142
2019-07-13,8.048790459965927
2019-07-14,8.285519591141396
2019-07-15,10.771175468483815
2019-07-16,10.65281090289608
2019-07-17,10.889540034071548
2019-07-18,10.416081771720611
2019-07-19,8.522248722316863
2019-07-20,7.101873935264053
2019-07-21,6.628415672913117
2019-07-22,7.9304258943781925
2019-07-23,8.048790459965927
2019-07-24,8.522248722316863
2019-07-25,8.167155025553662
2019-07-26,6.746780238500851
2019-07-27,7.338603066439521
2019-07-28,6.3916865417376485
2019-07-29,7.220238500851788
2019-07-30,8.048790459965927
2019-07-31,7.101873935264053
2019-08-01,7.220907840440163
2019-08-02,7.858046767537824
2019-08-03,7.539477303988994
2019-08-04,6.796148555708389
2019-08-05,10.512792297111416
2019-08-06,10.618982118294356
2019-08-07,9.132324621733149
2019-08-08,8.495185694635488
2019-08-09,8.176616231086657
2019-08-10,7.008528198074277
2019-08-11,6.371389270976615
2019-08-12,7.751856946354882
2019-08-13,7.751856946354882
2019-08-14,8.495185694635488
2019-08-15,9.238514442916092
2019-08-16,7.964236588720769
2019-08-17,6.902338376891334
2019-08-18,6.159009628610728
2019-08-19,7.433287482806051
2019-08-20,7.539477303988994
2019-08-21,7.964236588720769
2019-08-22,7.433287482806051
2019-08-23,6.583768913342503
2019-08-24,5.734250343878954
2019-08-25,5.840440165061897
2019-08-26,6.477579092159559
2019-08-27,6.689958734525446
2019-08-28,6.902338376891334
2019-08-29,7.751856946354882
2019-08-30,6.052819807427785
2019-08-31,5.2033012379642365
2019-09-01,5.6768304278922335
2019-09-02,6.557717908082409
2019-09-03,7.732234548335973
2019-09-04,7.047099841521394
2019-09-05,6.361965134706814
2019-09-06,7.340729001584786
2019-09-07,5.2853248811410465
2019-09-08,5.48107765451664
2019-09-09,5.774706814580031
2019-09-10,5.9704595879556255
2019-09-11,5.872583201267828
2019-09-12,5.774706814580031
2019-09-13,5.383201267828843
2019-09-14,5.2853248811410465
2019-09-15,5.187448494453248
2019-09-16,5.383201267828843
2019-09-17,5.2853248811410465
2019-09-18,5.187448494453248
2019-09-19,5.383201267828843
2019-09-20,5.2853248811410465
2019-09-21,4.893819334389857
2019-09-22,4.9916957210776545
2019-09-23,5.578954041204438
2019-09-24,8.417369255150554
2019-09-25,9.787638668779714
2019-09-26,8.710998415213947
2019-09-27,7.830110935023771
2019-09-28,5.872583201267828
2019-09-29,5.2853248811410465
2019-09-30,6.655594294770206
2019-10-01,6.318679867986798
2019-10-02,5.911023102310231
2019-10-03,5.605280528052805
2019-10-04,5.401452145214521
2019-10-05,5.095709570957094
2019-10-06,5.299537953795379
2019-10-07,5.911023102310231
2019-10-08,5.707194719471946
2019-10-09,5.911023102310231
2019-10-10,5.503366336633662
2019-10-11,5.299537953795379
2019-10-12,5.197623762376237
2019-10-13,5.197623762376237
2019-10-14,5.299537953795379
2019-10-15,5.401452145214521
2019-10-16,5.401452145214521
2019-10-17,5.401452145214521
2019-10-18,5.299537953795379
2019-10-19,4.789966996699669
2019-10-20,4.891881188118811
2019-10-21,5.605280528052805
2019-10-22,5.503366336633662
2019-10-23,7.2359075907590755
2019-10-24,6.42059405940594
2019-10-25,7.032079207920792
2019-10-26,10.191419141914189
2019-10-27,6.828250825082508
2019-10-28,7.8473927392739276
2019-10-29,7.133993399339933
2019-10-30,6.9301650165016495
2019-10-31,5.707194719471946
2019-11-01,5.612528735632183
2019-11-02,5.124482758620689
2019-11-03,5.124482758620689
2019-11-04,5.937892720306513
2019-11-05,6.019233716475095
2019-11-06,5.85655172413793
2019-11-07,5.287164750957853
2019-11-08,5.85655172413793
2019-11-09,5.043141762452107
2019-11-10,4.880459770114941
2019-11-11,5.368505747126435
2019-11-12,5.124482758620689
2019-11-13,5.043141762452107
2019-11-14,4.961800766283523
2019-11-15,5.287164750957853
2019-11-16,4.717777777777777
2019-11-17,4.961800766283523
2019-11-18,5.287164750957853
2019-11-19,5.937892720306513
2019-11-20,5.287164750957853
2019-11-21,6.425938697318006
2019-11-22,7.646053639846741
2019-11-23,5.937892720306513
2019-11-24,5.531187739463601
2019-11-25,8.134099616858235
2019-11-26,7.320689655172412
2019-11-27,6.344597701149424
2019-11-28,5.7752107279693465
2019-11-29,4.555095785440612
2019-11-30,5.449846743295018
2019-12-01,4.98482180293501
2019-12-02,5.114297693920335
2019-12-03,4.98482180293501
2019-12-04,5.179035639412998
2019-12-05,5.179035639412998
2019-12-06,4.72587002096436
2019-12-07,4.6611320754716985
2019-12-08,4.337442348008385
2019-12-09,4.920083857442347
2019-12-10,4.920083857442347
2019-12-11,5.049559748427673
2019-12-12,4.920083857442347
2019-12-13,4.7906079664570225
2019-12-14,4.596394129979036
2019-12-15,4.46691823899371
2019-12-16,5.049559748427673
2019-12-17,5.891153039832284
2019-12-18,6.4737945492662465
2019-12-19,5.891153039832284
2019-12-20,5.24377358490566
2019-12-21,4.596394129979036
2019-12-22,4.72587002096436
2019-12-23,5.308511530398322
2019-12-24,5.373249475890985
2019-12-25,4.920083857442347
2019-12-26,4.596394129979036
2019-12-27,4.855345911949685
2019-12-28,4.7906079664570225
2019-12-29,4.272704402515723
2019-12-30,4.6611320754716985
2019-12-31,4.920083857442347
2020-01-01,4.716820008932558
2020-01-02,5.2960786065207675
2020-01-03,5.958088432335863
2020-01-04,4.965073693613219
2020-01-05,4.965073693613219
2020-01-06,5.875337204108977
2020-01-07,7.613112996873603
2020-01-08,8.2751228226887
2020-01-09,6.1235908887896375
2020-01-10,5.544332291201428
2020-01-11,5.130576150066994
2020-01-12,4.965073693613219
2020-01-13,5.130576150066994
2020-01-14,7.944117909781152
2020-01-15,7.778615453327377
2020-01-16,6.62009825815096
2020-01-17,6.371844573470299
2020-01-18,5.958088432335863
2020-01-19,6.454595801697185
2020-01-20,5.79258597588209
2020-01-21,5.958088432335863
2020-01-22,5.3788298347476555
2020-01-23,5.461581062974542
2020-01-24,5.2960786065207675
2020-01-25,4.634068780705672
2020-01-26,4.385815096025011
2020-01-27,5.709834747655202
2020-01-28,6.785600714604733
2020-01-29,6.8683519428316195
2020-01-30,7.033854399285395
2020-01-31,6.289093345243411
2020-02-01,5.622658959537571
2020-02-02,5.80115606936416
2020-02-03,5.890404624277456
2020-02-04,6.068901734104045
2020-02-05,6.7828901734104035
2020-02-06,7.586127167630057
2020-02-07,6.425895953757224
2020-02-08,6.247398843930634
2020-02-09,8.924855491329478
2020-02-10,7.85387283236994
2020-02-11,7.943121387283236
2020-02-12,8.567861271676298
2020-02-13,8.38936416184971
2020-02-14,6.872138728323699
2020-02-15,6.247398843930634
2020-02-16,6.068901734104045
2020-02-17,7.139884393063583
2020-02-18,6.604393063583814
2020-02-19,7.4968786127167615
2020-02-20,7.0506358381502885
2020-02-21,6.336647398843929
2020-02-22,5.711907514450866
2020-02-23,5.533410404624277
2020-02-24,7.0506358381502885
2020-02-25,7.318381502890172
2020-02-26,7.85387283236994
2020-02-27,7.4968786127167615
2020-02-28,7.943121387283236
2020-02-29,5.890404624277456
2020-03-01,5.5071191335740055
2020-03-02,6.35436823104693
2020-03-03,6.35436823104693
2020-03-04,6.142555956678699
2020-03-05,6.989805054151623
2020-03-06,6.35436823104693
2020-03-07,5.295306859205775
2020-03-08,5.718931407942238
2020-03-09,10.802425992779781
2020-03-10,8.260678700361009
2020-03-11,7.201617328519854
2020-03-12,15.250483754512633
2020-03-13,21.1812274368231
2020-03-14,12.70873646209386
2020-03-15,11.649675090252705
2020-03-16,14.82685920577617
2020-03-17,11.861487364620936
2020-03-18,11.226050541516244
2020-03-19,12.073299638989166
2020-03-20,12.073299638989166
2020-03-21,10.378801444043319
2020-03-22,8.896115523465703
2020-03-23,10.16698916967509
2020-03-24,10.16698916967509
2020-03-25,8.896115523465703
2020-03-26,8.47249097472924
2020-03-27,7.837054151624547
2020-03-28,8.048866425992777
2020-03-29,7.625241877256316
2020-03-30,8.048866425992777
2020-03-31,6.989805054151623
2020-04-01,7.105059203444562
2020-04-02,8.35156081808396
2020-04-03,7.97761033369214
2020-04-04,6.980409041980623
2020-04-05,6.606458557588804
2020-04-06,8.35156081808396
2020-04-07,8.35156081808396
2020-04-08,7.354359526372442
2020-04-09,7.229709364908503
2020-04-10,7.97761033369214
2020-04-11,7.354359526372442
2020-04-12,6.980409041980623
2020-04-13,7.479009687836382
2020-04-14,7.354359526372442
2020-04-15,7.229709364908503
2020-04-16,7.8529601722282
2020-04-17,7.229709364908503
2020-04-18,6.8557588805166825
2020-04-19,6.8557588805166825
2020-04-20,7.105059203444562
2020-04-21,6.731108719052743
2020-04-22,6.606458557588804
2020-04-23,7.8529601722282
2020-04-24,7.8529601722282
2020-04-25,7.479009687836382
2020-04-26,7.603659849300321
2020-04-27,7.728310010764262
2020-04-28,7.728310010764262
2020-04-29,10.969214208826694
2020-04-30,12.46501614639397
2020-05-01,9.112131147540982
2020-05-02,8.437158469945356
2020-05-03,8.09967213114754
2020-05-04,8.09967213114754
2020-05-05,8.09967213114754
2020-05-06,9.112131147540982
2020-05-07,11.474535519125682
2020-05-08,12.824480874316938
2020-05-09,10.799562841530054
2020-05-10,13.499453551912566
2020-05-11,16.87431693989071
2020-05-12,12.14950819672131
2020-05-13,10.293333333333331
2020-05-14,10.630819672131146
2020-05-15,9.28087431693989
2020-05-16,8.268415300546447
2020-05-17,8.60590163934426
2020-05-18,8.437158469945356
2020-05-19,7.5934426229508185
2020-05-20,7.762185792349726
2020-05-21,8.09967213114754
2020-05-22,7.762185792349726
2020-05-23,6.749726775956283
2020-05-24,6.9184699453551906
2020-05-25,7.762185792349726
2020-05-26,7.2559562841530045
2020-05-27,7.424699453551911
2020-05-28,6.9184699453551906
2020-05-29,6.749726775956283
2020-05-30,6.243497267759563
2020-05-31,6.580983606557376
2020-06-01,7.280523929471031
2020-06-02,10.111838790931989
2020-06-03,8.39282619647355
2020-06-04,7.482760705289672
2020-06-05,7.381642317380352
2020-06-06,5.965984886649873
2020-06-07,6.774931989924433
2020-06-08,6.876050377833752
2020-06-09,6.774931989924433
2020-06-10,7.482760705289672
2020-06-11,7.6849974811083115
2020-06-12,7.179405541561712
2020-06-13,5.763748110831233
2020-06-14,5.763748110831233
2020-06-15,6.876050377833752
2020-06-16,6.774931989924433
2020-06-17,6.774931989924433
2020-06-18,6.3704584382871525
2020-06-19,6.168221662468514
2020-06-20,5.561511335012594
2020-06-21,5.0559193954659944
2020-06-22,6.168221662468514
2020-06-23,6.774931989924433
2020-06-24,6.3704584382871525
2020-06-25,6.168221662468514
2020-06-26,6.6738136020151115
2020-06-27,5.662629722921913
2020-06-28,6.269340050377833
2020-06-29,6.168221662468514
2020-06-30,5.965984886649873
2020-07-01,5.811431911163063
2020-07-02,5.937767387492694
2020-07-03,5.432425482174167
2020-07-04,4.927083576855639
2020-07-05,5.432425482174167
2020-07-06,5.811431911163063
2020-07-07,5.68509643483343
2020-07-08,6.44310929281122
2020-07-09,6.190438340151957
2020-07-10,5.5587609585037985
2020-07-11,5.306090005844535
2020-07-12,5.179754529514904
2020-07-13,5.68509643483343
2020-07-14,6.569444769140853
2020-07-15,7.453793103448275
2020-07-16,8.717147866744593
2020-07-17,6.569444769140853
2020-07-18,9.096154295733488
2020-07-19,5.68509643483343
2020-07-20,5.179754529514904
2020-07-21,5.811431911163063
2020-07-22,6.190438340151957
2020-07-23,6.695780245470484
2020-07-24,6.44310929281122
2020-07-25,6.569444769140853
2020-07-26,8.46447691408533
2020-07-27,11.37019286966686
2020-07-28,12.633547632963179
2020-07-29,9.980502630040911
2020-07-30,9.222489772063119
2020-07-31,10.106838106370542
2020-08-01,10.747099767981435
2020-08-02,10.317215777262179
2020-08-03,8.812621809744778
2020-08-04,7.952853828306262
2020-08-05,8.382737819025522
2020-08-06,9.135034802784222
2020-08-07,8.275266821345706
2020-08-08,7.308027842227377
2020-08-09,7.308027842227377
2020-08-10,8.597679814385149
2020-08-11,8.490208816705335
2020-08-12,7.737911832946635
2020-08-13,7.308027842227377
2020-08-14,7.522969837587007
2020-08-15,7.093085846867748
2020-08-16,7.093085846867748
2020-08-17,8.597679814385149
2020-08-18,8.275266821345706
2020-08-19,7.63044083526682
2020-08-20,7.093085846867748
2020-08-21,6.663201856148492
2020-08-22,6.448259860788862
2020-08-23,5.695962877030161
2020-08-24,6.663201856148492
2020-08-25,7.093085846867748
2020-08-26,6.448259860788862
2020-08-27,6.125846867749418
2020-08-28,6.125846867749418
2020-08-29,5.266078886310903
2020-08-30,5.481020881670533
2020-08-31,5.91090487238979
2020-09-01,8.213847601128881
2020-09-02,8.025023518344307
2020-09-03,9.063555973659453
2020-09-04,9.441204139228597
2020-09-05,8.497083725305737
2020-09-06,7.647375352775165
2020-09-07,8.308259642521167
2020-09-08,7.8361994355597355
2020-09-09,7.175315145813734
2020-09-10,6.420018814675446
2020-09-11,6.136782690498589
2020-09-12,6.136782690498589
2020-09-13,6.136782690498589
2020-09-14,6.608842897460018
2020-09-15,6.703254938852305
2020-09-16,6.797666980244591
2020-09-17,6.608842897460018
2020-09-18,6.136782690498589
2020-09-19,5.475898400752586
2020-09-20,5.8535465663217305
2020-09-21,6.703254938852305
2020-09-22,6.231194731890874
2020-09-23,5.8535465663217305
2020-09-24,5.664722483537159
2020-09-25,5.664722483537159
2020-09-26,5.381486359360301
2020-09-27,5.570310442144873
2020-09-28,5.664722483537159
2020-09-29,5.570310442144873
2020-09-30,5.192662276575729
2020-10-01,4.8852486772486765
2020-10-02,5.203851851851851
2020-10-03,4.354243386243385
2020-10-04,4.67284656084656
2020-10-05,4.779047619047619
2020-10-06,4.67284656084656
2020-10-07,4.566645502645502
2020-10-08,4.8852486772486765
2020-10-09,5.097650793650793
2020-10-10,5.416253968253968
2020-10-11,5.8410582010582
2020-10-12,5.5224550264550265
2020-10-13,5.628656084656084
2020-10-14,5.416253968253968
2020-10-15,5.628656084656084
2020-10-16,5.203851851851851
2020-10-17,4.779047619047619
2020-10-18,4.8852486772486765
2020-10-19,5.628656084656084
2020-10-20,6.690666666666666
2020-10-21,9.876698412698413
2020-10-22,10.620105820105818
2020-10-23,8.70848677248677
2020-10-24,7.858878306878306
2020-10-25,7.327873015873015
2020-10-26,8.17748148148148
2020-10-27,9.34569312169312
2020-10-28,9.98289947089947
2020-10-29,8.602285714285713
2020-10-30,8.071280423280422
2020-10-31,8.389883597883598
2020-11-01,8.163868887694788
2020-11-02,8.562106394411606
2020-11-03,7.7656313809779665
2020-11-04,7.964750134336377
2020-11-05,11.947125201504567
2020-11-06,13.141837721655023
2020-11-07,10.155056421278882
2020-11-08,9.358581407845243
2020-11-09,10.354175174637291
2020-11-10,8.960343901128423
2020-11-11,9.159462654486834
2020-11-12,10.553293927995698
2020-11-13,11.150650188070928
2020-11-14,9.756818914562063
2020-11-15,8.362987641053195
2020-11-16,10.951531434712518
2020-11-17,15.332144008597524
2020-11-18,17.72156904889844
2020-11-19,14.535668995163888
2020-11-20,15.133025255239117
2020-11-21,14.933906501880708
2020-11-22,13.141837721655023
2020-11-23,13.739193981730253
2020-11-24,19.911875335840943
2020-11-25,16.72597528210639
2020-11-26,19.712756582482537
2020-11-27,13.938312735088662
2020-11-28,12.146243954862976
2020-11-29,11.349768941429339
2020-11-30,15.929500268672754
2020-12-01,15.16251604621309
2020-12-02,11.297560975609752
2020-12-03,11.000256739409497
2020-12-04,11.000256739409497
2020-12-05,10.108344030808727
2020-12-06,9.513735558408213
2020-12-07,9.81103979460847
2020-12-08,9.513735558408213
2020-12-09,10.405648267008983
2020-12-10,8.621822849807442
2020-12-11,9.81103979460847
2020-12-12,8.324518613607188
2020-12-13,9.216431322207956
2020-12-14,9.216431322207956
2020-12-15,9.513735558408213
2020-12-16,17.8382541720154
2020-12-17,29.730423620025668
2020-12-18,20.51399229781771
2020-12-19,16.351732991014114
2020-12-20,16.351732991014114
2020-12-21,17.8382541720154
2020-12-22,15.16251604621309
2020-12-23,14.27060333761232
2020-12-24,12.784082156611037
2020-12-25,14.567907573812578
2020-12-26,21.10860077021822
2020-12-27,28.54120667522464
2020-12-28,21.40590500641848
2020-12-29,18.73016688061617
2020-12-30,23.18973042362002
2020-12-31,22.29781771501925
2021-01-01,21.538384201077196
2021-01-02,38.41982046678635
2021-01-03,44.2410053859964
2021-01-04,37.25558348294434
2021-01-05,30.270161579892275
2021-01-06,33.76287253141831
2021-01-07,48.31583482944344
2021-01-08,50.64430879712746
2021-01-09,39.001938958707356
2021-01-10,37.83770197486535
2021-01-11,58.21184919210053
2021-01-12,40.166175942549366
2021-01-13,38.41982046678635
2021-01-14,37.25558348294434
2021-01-15,33.1807540394973
2021-01-16,27.941687612208252
2021-01-17,25.613213644524233
2021-01-18,22.702621184919206
2021-01-19,23.86685816876122
2021-01-20,22.1205026929982
2021-01-21,26.777450628366246
2021-01-22,29.105924596050265
2021-01-23,21.538384201077196
2021-01-24,19.792028725314182
2021-01-25,20.374147217235183
2021-01-26,19.792028725314182
2021-01-27,21.538384201077196
2021-01-28,22.1205026929982
2021-01-29,35.50922800718132
2021-01-30,24.448976660682224
2021-01-31,20.956265709156195
2021-02-01,22.45983510011778
2021-02-02,21.277738515901056
2021-02-03,22.45983510011778
2021-02-04,23.641931684334505
2021-02-05,21.86878680800942
2021-02-06,27.18822143698468
2021-02-07,23.641931684334505
2021-02-08,49.64805653710246
2021-02-09,59.10482921083627
2021-02-10,39.60023557126029
2021-02-11,37.82709069493521
2021-02-12,34.871849234393395
2021-02-13,28.370318021201406
2021-02-14,32.50765606595994
2021-02-15,31.91660777385158
2021-02-16,36.64499411071848
2021-02-17,42.55547703180211
2021-02-18,37.23604240282685
2021-02-19,40.19128386336866
2021-02-20,46.10176678445228
2021-02-21,41.37338044758538
2021-02-22,45.510718492343926
2021-02-23,57.92273262661954
2021-02-24,44.3286219081272
2021-02-25,35.462897526501756
2021-02-26,36.64499411071848
2021-02-27,30.143462897526494
2021-02-28,33.098704358068304
2021-03-01,30.236937315944466
2021-03-02,27.054101809002944
2021-03-03,25.780967606226334
2021-03-04,24.826116954143878
2021-03-05,22.27984854859066
2021-03-06,21.324997896508204
2021-03-07,21.324997896508204
2021-03-08,21.961564997896506
2021-03-09,28.008952461085396
2021-03-10,25.780967606226334
2021-03-11,25.144400504838032
2021-03-12,25.780967606226334
2021-03-13,31.828355069415228
2021-03-14,30.873504417332768
2021-03-15,26.735818258308793
2021-03-16,25.144400504838032
2021-03-17,25.46268405553218
2021-03-18,24.507833403449723
2021-03-19,22.598132099284808
2021-03-20,20.370147244425745
2021-03-21,21.00671434581405
2021-03-22,22.598132099284808
2021-03-23,21.961564997896506
2021-03-24,26.41753470761464
2021-03-25,27.69066891039125
2021-03-26,22.598132099284808
2021-03-27,20.370147244425745
2021-03-28,19.41529659234329
2021-03-29,22.27984854859066
2021-03-30,23.234699200673116
2021-03-31,21.961564997896506
2021-04-01,24.860264519838985
2021-04-02,22.196664749856236
2021-04-03,21.308798159861986
2021-04-04,19.976998274870613
2021-04-05,20.42093156986774
2021-04-06,19.976998274870613
2021-04-07,19.976998274870613
2021-04-08,19.53306497987349
2021-04-09,18.645198389879237
2021-04-10,20.864864864864863
2021-04-11,19.976998274870613
2021-04-12,20.864864864864863
2021-04-13,28.41173087981598
2021-04-14,31.963197239792983
2021-04-15,26.635997699827485
2021-04-16,29.743530764807357
2021-04-17,22.640598044853363
2021-04-18,41.285796434732596
2021-04-19,31.519263944795856
2021-04-20,30.187464059804483
2021-04-21,24.860264519838985
2021-04-22,28.855664174813107
2021-04-23,44.39332949971247
2021-04-24,31.07533064979873
2021-04-25,27.52386428982173
2021-04-26,29.743530764807357
2021-04-27,27.07993099482461
2021-04-28,24.41633122484186
2021-04-29,21.75273145485911
2021-04-30,21.308798159861986
2021-05-01,21.276172248803825
2021-05-02,19.700159489633172
2021-05-03,21.276172248803825
2021-05-04,22.85218500797448
2021-05-05,22.06417862838915
2021-05-06,20.4881658692185
2021-05-07,20.4881658692185
2021-05-08,20.4881658692185
2021-05-09,21.276172248803825
2021-05-10,22.85218500797448
2021-05-11,21.276172248803825
2021-05-12,22.06417862838915
2021-05-13,53.58443381180223
2021-05-14,33.09626794258373
2021-05-15,26.004210526315784
2021-05-16,28.368229665071766
2021-05-17,41.76433811802232
2021-05-18,33.09626794258373
2021-05-19,78.80063795853269
2021-05-20,61.464497607655495
2021-05-21,45.70437001594896
2021-05-22,39.400318979266345
2021-05-23,48.068389154704946
2021-05-24,43.34035087719297
2021-05-25,35.46028708133971
2021-05-26,29.94424242424242
2021-05-27,26.004210526315784
2021-05-28,26.792216905901114
2021-05-29,29.156236044657092
2021-05-30,26.004210526315784
2021-05-31,26.004210526315784
2021-06-01,23.831133706151494
2021-06-02,24.17651245551601
2021-06-03,23.831133706151494
2021-06-04,26.59416370106761
2021-06-05,23.831133706151494
2021-06-06,24.86726995424504
2021-06-07,23.48575495678698
2021-06-08,34.19249618708693
2021-06-09,29.011814946619214
2021-06-10,26.59416370106761
2021-06-11,23.831133706151494
2021-06-12,19.34120996441281
2021-06-13,19.34120996441281
2021-06-14,24.86726995424504
2021-06-15,20.722724961870867
2021-06-16,19.34120996441281
2021-06-17,17.614316217590236
2021-06-18,18.650452465683777
2021-06-19,16.57817996949669
2021-06-20,17.95969496695475
2021-06-21,24.86726995424504
2021-06-22,34.537874936451445
2021-06-23,24.86726995424504
2021-06-24,21.758861209964408
2021-06-25,20.722724961870867
2021-06-26,19.34120996441281
2021-06-27,18.305073716319267
2021-06-28,19.34120996441281
2021-06-29,19.34120996441281
2021-06-30,17.614316217590236
2021-07-01,16.523820483314154
2021-07-02,14.658227848101264
2021-07-03,14.391714614499424
2021-07-04,14.924741081703104
2021-07-05,14.924741081703104
2021-07-06,13.85868814729574
2021-07-07,12.792635212888374
2021-07-08,14.658227848101264
2021-07-09,13.059148446490218
2021-07-10,11.72658227848101
2021-07-11,11.993095512082851
2021-07-12,12.792635212888374
2021-07-13,13.059148446490218
2021-07-14,13.5921749136939
2021-07-15,13.059148446490218
2021-07-16,13.85868814729574
2021-07-17,12.792635212888374
2021-07-18,12.526121979286534
2021-07-19,14.391714614499424
2021-07-20,19.18895281933256
2021-07-21,17.323360184119675
2021-07-22,15.724280782508629
2021-07-23,13.85868814729574
2021-07-24,13.5921749136939
2021-07-25,14.391714614499424
2021-07-26,26.651323360184115
2021-07-27,18.65592635212888
2021-07-28,17.85638665132336
2021-07-29,15.457767548906785
2021-07-30,15.191254315304946
2021-07-31,15.724280782508629
2021-08-01,15.728770393951452
2021-08-02,15.335551134102664
2021-08-03,14.549112614405091
2021-08-04,14.549112614405091
2021-08-05,14.352502984480697
2021-08-06,15.925380023875844
2021-08-07,17.694866693195383
2021-08-08,18.088085953044168
2021-08-09,19.660962992439313
2021-08-10,18.088085953044168
2021-08-11,18.874524472741744
2021-08-12,18.088085953044168
2021-08-13,16.31859928372463
2021-08-14,15.728770393951452
2021-08-15,14.942331874253878
2021-08-16,16.515208913649023
2021-08-17,15.728770393951452
2021-08-18,15.728770393951452
2021-08-19,14.352502984480697
2021-08-20,16.515208913649023
2021-08-21,15.925380023875844
2021-08-22,15.532160764027058
2021-08-23,19.46435336251492
2021-08-24,17.3016474333466
2021-08-25,16.31859928372463
2021-08-26,15.138941504178272
2021-08-27,13.959283724631911
2021-08-28,13.369454834858733
2021-08-29,12.58301631516116
2021-08-30,13.959283724631911
2021-08-31,13.76267409470752
2021-09-01,13.568753589890866
2021-09-02,14.632969557725444
2021-09-03,14.632969557725444
2021-09-04,13.302699597932223
2021-09-05,14.3669155657668
2021-09-06,15.963239517518664
2021-09-07,26.605399195864447
2021-09-08,24.743021252153934
2021-09-09,17.82561746122918
2021-09-10,15.963239517518664
2021-09-11,13.83480758184951
2021-09-12,13.302699597932223
2021-09-13,15.431131533601377
2021-09-14,13.83480758184951
2021-09-15,14.100861573808153
2021-09-16,13.83480758184951
2021-09-17,12.770591614014933
2021-09-18,11.972429638139
2021-09-19,11.44032165422171
2021-09-20,17.559563469270532
2021-09-21,17.82561746122918
2021-09-22,15.963239517518664
2021-09-23,14.899023549684086
2021-09-24,21.284319356691558
2021-09-25,16.22929350947731
2021-09-26,13.83480758184951
2021-09-27,13.568753589890866
2021-09-28,13.568753589890866
2021-09-29,13.568753589890866
2021-09-30,12.770591614014933
2021-10-01,14.91991578947368
2021-10-02,12.70955789473684
2021-10-03,11.880673684210524
2021-10-04,12.985852631578943
2021-10-05,15.196210526315788
2021-10-06,19.06433684210526
2021-10-07,17.130273684210522
2021-10-08,14.91991578947368
2021-10-09,13.26214736842105
2021-10-10,13.538442105263155
2021-10-11,16.301389473684207
2021-10-12,16.025094736842103
2021-10-13,14.643621052631577
2021-10-14,15.472505263157892
2021-10-15,21.2746947368421
2021-10-16,19.06433684210526
2021-10-17,15.196210526315788
2021-10-18,18.788042105263152
2021-10-19,21.82728421052631
2021-10-20,27.629473684210517
2021-10-21,24.590231578947368
2021-10-22,20.16951578947368
2021-10-23,16.025094736842103
2021-10-24,15.196210526315788
2021-10-25,17.40656842105263
2021-10-26,18.788042105263152
2021-10-27,19.06433684210526
2021-10-28,17.682863157894733
2021-10-29,16.853978947368418
2021-10-30,14.091031578947366
2021-10-31,13.26214736842105
2021-11-01,15.812048192771083
2021-11-02,17.167366609294323
2021-11-03,16.037934595524955
2021-11-04,16.037934595524955
2021-11-05,15.134388984509467
2021-11-06,13.327297762478484
2021-11-07,13.553184165232357
2021-11-08,20.10388984509466
2021-11-09,22.588640275387263
2021-11-10,20.781549053356283
2021-11-11,18.296798623063683
2021-11-12,17.619139414802063
2021-11-13,14.908502581755593
2021-11-14,16.4897074010327
2021-11-15,16.941480206540447
2021-11-16,21.68509466437177
2021-11-17,19.20034423407917
2021-11-18,19.878003442340795
2021-11-19,19.426230636833044
2021-11-20,16.4897074010327
2021-11-21,14.682616179001721
2021-11-22,17.167366609294323
2021-11-23,18.974457831325303
2021-11-24,19.20034423407917
2021-11-25,16.4897074010327
2021-11-26,20.781549053356283
2021-11-27,16.715593803786575
2021-11-28,15.134388984509467
2021-11-29,16.941480206540447
2021-11-30,17.39325301204819
2021-12-01,15.709302325581394
2021-12-02,15.011111111111108
2021-12-03,15.360206718346252
2021-12-04,34.90956072351421
2021-12-05,24.436692506459945
2021-12-06,24.436692506459945
2021-12-07,21.64392764857881
2021-12-08,18.152971576227387
2021-12-09,18.85116279069767
2021-12-10,17.454780361757106
2021-12-11,16.058397932816536
2021-12-12,15.011111111111108
2021-12-13,19.200258397932817
2021-12-14,19.54935400516796
2021-12-15,18.152971576227387
2021-12-16,17.105684754521963
2021-12-17,16.058397932816536
2021-12-18,14.662015503875969
2021-12-19,13.614728682170542
2021-12-20,15.709302325581394
2021-12-21,16.756589147286824
2021-12-22,16.40749354005168
2021-12-23,15.011111111111108
2021-12-24,15.709302325581394
2021-12-25,14.662015503875969
2021-12-26,14.312919896640826
2021-12-27,15.011111111111108
2021-12-28,15.709302325581394
2021-12-29,15.709302325581394
2021-12-30,15.709302325581394
2021-12-31,14.312919896640826
2022-01-01,15.400359435173296
2022-01-02,16.232811296534017
2022-01-03,16.649037227214375
2022-01-04,22.892426187419765
2022-01-05,15.400359435173296
2022-01-06,22.059974326059045
2022-01-07,25.38978177150192
2022-01-08,22.476200256739403
2022-01-09,21.22752246469833
2022-01-10,23.308652118100124
2022-01-11,20.395070603337608
2022-01-12,19.14639281129653
2022-01-13,14.984133504492938
2022-01-14,14.567907573812578
2022-01-15,15.400359435173296
2022-01-16,13.73545571245186
2022-01-17,14.151681643132218
2022-01-18,14.984133504492938
2022-01-19,14.567907573812578
2022-01-20,15.400359435173296
2022-01-21,31.216944801026955
2022-01-22,41.62259306803593
2022-01-23,29.968267008985876
2022-01-24,31.633170731707313
2022-01-25,25.38978177150192
2022-01-26,24.557329910141203
2022-01-27,22.476200256739403
2022-01-28,22.892426187419765
2022-01-29,20.811296534017966
2022-01-30,19.14639281129653
2022-01-31,20.395070603337608
2022-02-01,21.671927554980595
2022-02-02,19.924191461836998
2022-02-03,19.57464424320828
2022-02-04,21.322380336351877
2022-02-05,19.924191461836998
2022-02-06,17.826908150064682
2022-02-07,22.021474773609317
2022-02-08,20.27373868046572
2022-02-09,20.972833117723155
2022-02-10,16.428719275549806
2022-02-11,18.52600258732212
2022-02-12,16.079172056921088
2022-02-13,14.68098318240621
2022-02-14,16.778266494178528
2022-02-15,17.477360931435967
2022-02-16,15.72962483829237
2022-02-17,17.477360931435967
2022-02-18,17.826908150064682
2022-02-19,15.030530401034929
2022-02-20,17.477360931435967
2022-02-21,18.52600258732212
2022-02-22,20.972833117723155
2022-02-23,17.127813712807246
2022-02-24,34.954721862871935
2022-02-25,24.46830530401035
2022-02-26,17.127813712807246
2022-02-27,18.176455368693404
2022-02-28,22.021474773609317
2022-03-01,23.680981595092028
2022-03-02,19.418404907975457
2022-03-03,17.5239263803681
2022-03-04,17.28711656441718
2022-03-05,15.155828220858897
2022-03-06,13.971779141104294
2022-03-07,16.81349693251534
2022-03-08,15.866257668711656
2022-03-09,17.28711656441718
2022-03-10,16.103067484662578
2022-03-11,15.629447852760737
2022-03-12,12.787730061349693
2022-03-13,12.787730061349693
2022-03-14,14.682208588957053
2022-03-15,14.445398773006136
2022-03-16,13.971779141104294
2022-03-17,13.498159509202452
2022-03-18,14.208588957055214
2022-03-19,12.314110429447853
2022-03-20,11.840490797546014
2022-03-21,12.787730061349693
2022-03-22,13.971779141104294
2022-03-23,13.261349693251534
2022-03-24,14.208588957055214
2022-03-25,13.261349693251534
2022-03-26,12.787730061349693
2022-03-27,13.498159509202452
2022-03-28,16.576687116564415
2022-03-29,15.155828220858897
2022-03-30,14.682208588957053
2022-03-31,13.734969325153374
2022-04-01,13.816754966887416
2022-04-02,12.052913907284767
2022-04-03,11.758940397350992
2022-04-04,12.640860927152318
2022-04-05,12.640860927152318
2022-04-06,13.963741721854305
2022-04-07,13.669768211920529
2022-04-08,12.93483443708609
2022-04-09,11.170993377483443
2022-04-10,10.583046357615896
2022-04-11,14.698675496688741
2022-04-12,12.640860927152318
2022-04-13,12.640860927152318
2022-04-14,12.052913907284767
2022-04-15,11.31798013245033
2022-04-16,10.28907284768212
2022-04-17,9.995099337748345
2022-04-18,12.346887417218541
2022-04-19,11.170993377483443
2022-04-20,10.877019867549668
2022-04-21,11.024006622516554
2022-04-22,11.611953642384105
2022-04-23,9.848112582781456
2022-04-24,9.701125827814568
2022-04-25,12.640860927152318
2022-04-26,12.493874172185429
2022-04-27,11.611953642384105
2022-04-28,11.31798013245033
2022-04-29,10.877019867549668
2022-04-30,10.730033112582781
2022-05-01,10.879999999999997
2022-05-02,11.268571428571427
2022-05-03,10.879999999999997
2022-05-04,10.879999999999997
2022-05-05,12.822857142857142
2022-05-06,14.765714285714283
2022-05-07,11.268571428571427
2022-05-08,14.377142857142855
2022-05-09,24.479999999999997
2022-05-10,23.70285714285714
2022-05-11,27.199999999999996
2022-05-12,38.857142857142854
2022-05-13,31.08571428571428
2022-05-14,22.148571428571426
2022-05-15,19.817142857142855
2022-05-16,20.205714285714283
2022-05-17,17.874285714285712
2022-05-18,18.26285714285714
2022-05-19,17.48571428571428
2022-05-20,15.93142857142857
2022-05-21,13.988571428571428
2022-05-22,13.21142857142857
2022-05-23,15.154285714285711
2022-05-24,15.154285714285711
2022-05-25,13.599999999999998
2022-05-26,13.988571428571428
2022-05-27,14.377142857142855
2022-05-28,12.045714285714284
2022-05-29,10.879999999999997
2022-05-30,14.377142857142855
2022-05-31,13.988571428571428
2022-06-01,13.260117111255694
2022-06-02,12.858295380611581
2022-06-03,12.054651919323357
2022-06-04,10.84918672739102
2022-06-05,10.447364996746908
2022-06-06,12.456473649967469
2022-06-07,12.858295380611581
2022-06-08,12.456473649967469
2022-06-09,11.251008458035134
2022-06-10,11.251008458035134
2022-06-11,11.652830188679244
2022-06-12,14.86740403383214
2022-06-13,40.182173064411195
2022-06-14,38.17306441119063
2022-06-15,35.762134027325956
2022-06-16,30.538451528952503
2022-06-17,26.922055953155496
2022-06-18,38.976707872478855
2022-06-19,38.57488614183474
2022-06-20,28.931164606376054
2022-06-21,25.314769030579047
2022-06-22,22.903838646714373
2022-06-23,20.492908262849706
2022-06-24,18.885621340273257
2022-06-25,16.072869225764478
2022-06-26,15.671047495120364
2022-06-27,18.081977878985036
2022-06-28,17.680156148340924
2022-06-29,17.680156148340924
2022-06-30,20.492908262849706
2022-07-01,20.5410199556541
2022-07-02,16.22740576496674
2022-07-03,16.22740576496674
2022-07-04,17.87068736141907
2022-07-05,17.87068736141907
2022-07-06,17.049046563192903
2022-07-07,16.021995565410197
2022-07-08,16.84363636363636
2022-07-09,13.351662971175164
2022-07-10,13.762483370288248
2022-07-11,15.611175166297114
2022-07-12,15.816585365853657
2022-07-13,15.405764966740575
2022-07-14,14.994944567627494
2022-07-15,14.173303769401329
2022-07-16,12.530022172949002
2022-07-17,12.530022172949002
2022-07-18,16.43281596452328
2022-07-19,15.200354767184034
2022-07-20,16.84363636363636
2022-07-21,18.486917960088686
2022-07-22,14.58412416851441
2022-07-23,12.32461197339246
2022-07-24,11.297560975609755
2022-07-25,13.557073170731707
2022-07-26,13.762483370288248
2022-07-27,12.940842572062083
2022-07-28,13.762483370288248
2022-07-29,13.557073170731707
2022-07-30,11.913791574279378
2022-07-31,11.708381374722837
2022-08-01,12.644827586206896
2022-08-02,12.112413793103448
2022-08-03,11.71310344827586
2022-08-04,11.180689655172412
2022-08-05,11.04758620689655
2022-08-06,9.849655172413792
2022-08-07,9.317241379310344
2022-08-08,11.979310344827585
2022-08-09,11.180689655172412
2022-08-10,11.446896551724137
2022-08-11,11.846206896551724
2022-08-12,11.04758620689655
2022-08-13,10.248965517241379
2022-08-14,10.38206896551724
2022-08-15,11.180689655172412
2022-08-16,10.38206896551724
2022-08-17,10.5151724137931
2022-08-18,9.849655172413792
2022-08-19,13.310344827586203
2022-08-20,11.446896551724137
2022-08-21,10.115862068965516
2022-08-22,11.04758620689655
2022-08-23,10.5151724137931
2022-08-24,9.71655172413793
2022-08-25,9.71655172413793
2022-08-26,10.5151724137931
2022-08-27,10.781379310344827
2022-08-28,10.648275862068965
2022-08-29,12.245517241379309
2022-08-30,11.313793103448273
2022-08-31,10.38206896551724
